app,reps,avg_time,stddev
array_partition,0,0,0
burst_rw,10,4.6811110010035915,0.10123058992044527
dataflow_func,10,4.2383013640006535,0.08664550372965966
dataflow_subfunc,10,4.192164212801435,0.09461633269348838
helloworld,10,4.307575857096526,0.09360308055113316
lmem_2rw,10,4.4206276299009915,0.08311148360749415
loop_reorder,0,0,0
partition_cyclicblock,0,0,0
shift_register,0,0,0
systolic_array,10,12.510601002699696,0.150831108791068
gmem_2banks,0,0,0
wide_mem_rw_strm,0,0,0
