app_name,1,2,3,4,5,average,stdev
cl_wide_mem_rw,12.888629665016197,4.41965880501084,4.49932765995618,4.490755325066857,4.363014577073045,6.132277206424623,3.7773260679178002
