app_name,1,2,3,4,5,average,stdev
cl_wide_mem_rw,9.520083398092538,4.398954784031957,4.349632235011086,4.335270719020627,4.391051109996624,5.398998449230566,2.3039136519340437
