app_name,1,2,3,4,5,average,stdev
cl_wide_mem_rw,10.277323065907694,4.5606534340186045,4.581152405939065,4.630751645076089,4.610339739010669,5.732044057990424,2.541030027688797
