app_name,1,2,3,4,5,average,stdev
cl_wide_mem_rw,9.454700205940753,4.145695796934888,4.145665677962825,4.2384064780781046,4.310778839047998,5.2590493995929135,2.346465121953883
