app_name,1,2,3,4,5,average,stdev
cl_dataflow_func,2.657257388927974,2.8015545959351584,2.669888544944115,2.4571042199386284,2.5667257169261575,2.6305060933344064,0.1281213737678342
