app_name,1,2,3,4,5,average,stdev
cl_wide_mem_rw,12.908125656074844,4.305250326055102,4.397160973050632,4.311142737977207,4.14437536301557,6.013211011234671,3.855456473446087
