app_name,1,2,3,4,5,average,stdev
cl_wide_mem_rw,12.814595467993058,4.24460762902163,4.185618374031037,4.165241401060484,4.115999629022554,5.905212500225753,3.862737617829897
