app_name,1,2,3,4,5,average,stdev
cl_wide_mem_rw,4.092128101969138,4.081148179015145,4.072989840991795,4.166996908024885,4.14098774001468,4.110850154003129,0.04100871227449621
