app_name,1,2,3,4,5,average,stdev
cl_wide_mem_rw,10.252131717978045,4.489343094988726,4.444666216033511,4.456864359905012,4.46097940497566,5.620796958776191,2.5890465848702973
