app_name,1,2,3,4,5,average,stdev
cl_wide_mem_rw,12.517686579958536,4.043284863000736,3.8041497418889776,4.024677445064299,3.9952278221026063,5.677005290403031,3.8252488025993454
