app_name,1,2,3,4,5,average,stdev
cl_wide_mem_rw,7.9463296670001,4.213849355932325,4.3277447710279375,4.166441196925007,4.344744484988041,4.999821895174682,1.6488631192600538
