app_name,1,2,3,4,5,average,stdev
cl_wide_mem_rw,8.746331532020122,4.4239810990402475,4.61185727303382,4.559426767984405,4.633557549095713,5.395030844234862,1.8752060221264173
