app_name,1,2,3,4,5,average,stdev
cl_wide_mem_rw,8.262538491049781,4.309692736016586,4.169710338930599,4.13188414007891,4.1546588219935074,5.005696905613877,1.8219582202523512
