app_name,1,2,3,4,5,average,stdev
cl_wide_mem_rw,9.111884700949304,4.5769523459021,4.597724310006015,4.57127075700555,4.5855151049327105,5.488669443759136,2.025463416604768
