best,frequency_only,scheduler
1.228023351676138,1.1510256755691237
1.1510256755691237
