best,freq
1.2294717899906775,1.1135061002672777
