best,frequency_only,scheduler
1.2608980993124443,1.1440963922700333
1.1440963922700333
