app_name,average,stddev,kernel_input_data_size,kernel_output_data_size,kernel_iterations,time_cpu,time_cpu_stddev,data_to_fpga_ocl,data_to_fpga_ocl_stddev,kernel_ocl,kernel_ocl_stddev,data_to_host_ocl,data_to_host_ocl_stddev
cl_burst_rw,2.635022808442808,0.0,524288,524288,1000,0.0,0.0,0.0581756627,0.0,1.6217596857485332,0.0,0.0566344768,0.0
cl_helloworld,1.5296319379123637,0.0,524288,262144,1000,0.0,0.0,0.0697815644,0.0,0.5752860525014901,0.0,0.0344343281999999,0.0
cl_lmem_2rw,1.5259620000273848,0.0,524288,262144,1000,0.0,0.0,0.057068759,0.0,0.64593422063048,0.0,0.0344739018,0.0
cl_shift_register,21.114748958945103,0.0,524332,524288,1000,0.0,0.0,0.0651543601,0.0,20.222287784735997,0.0,0.0569470589,0.0
cl_gmem_2banks,12.538129189584588,0.0,71663616,71663616,500,0.0,0.0,3.5394381806,0.0,3.453474603687217,0.0,3.0671487919,0.0
cl_wide_mem_rw_strm,7.28383265083414,0.0,33554432,16777216,1000,0.0,0.0,2.7812955428,0.0,1.7849310216212206,0.0,1.4358334154,0.0
