best,frequency_only,scheduler
1.1611419916155739,1.1290885772820962,1.13082181300684
