best,frequency_only,scheduler
1.2005588479458142,1.131491100251554,1.1329657916345872
