best,frequency_only,scheduler
1.1856698575148223,1.1132424331403534,1.1154116176885374
