best,frequency_only,scheduler
1.1851761076932343,1.1137389834124347,1.1148234239905057
