best,frequency_only,scheduler
1.1920465850390027,1.125325346886362,1.1275210098591628
