best,frequency_only,scheduler
1.1871038236305138,1.1188844230854011,1.120828994677474
