best,frequency_only,scheduler
1.177293868989864,1.1079767949339199,1.1090456043768648
