best,frequency_only,scheduler
1.1956804968534591,1.1166177451780528,1.1192448010932001
