best,frequency_only,scheduler
1.177281503495025,1.1056111532511426,1.1079645595220446
