best,frequency_only,scheduler
1.1961988696080126,1.129869879876243,1.1313871276834793
