best,frequency_only,scheduler
1.198028682054839,1.1288940553283413,1.1307683431987268
