best,frequency_only,scheduler
1.1851761076932343,1.1533735859664331,1.1544580265445041
