best,frequency_only,scheduler
1.1901584216426846,1.11037175744563,1.1128354438586514
