best,frequency_only,scheduler
1.206959102591522,1.1314183490548069,1.1325050148479123
