best,frequency_only,scheduler
1.1998803310258126,1.129540640869076,1.1317023670719082
