app_name,1,average,stddev,kernel_input_data_size,kernel_output_data_size,kernel_iterations,time_cpu,time_cpu_stddev,data_to_fpga_ocl,data_to_fpga_ocl_stddev,kernel_ocl,kernel_ocl_stddev,data_to_host_ocl,data_to_host_ocl_stddev
3d-rendering,30.31643979717046,30.31643979717046,0.0,38304,65536,13687,23.0969441,0.0,0.236140308,0.0,21.734980233,0.0,0.335236624,0.0
digit-recognition,35.696754437172785,35.696754437172785,0.0,640000,2000,16,28.242911006,0.0,0.0,0.0,28.204557547,0.0,0.002371593,0.0
optical-flow,12.098431054968387,12.098431054968387,0.0,3571712,3571712,1460,4.121335983,0.0,1.040845798,0.0,1.977104493,0.0,1.009250175,0.0
spam-filter,38.02233651513234,38.02233651513234,0.0,9220500,4096,560,9.343048611,0.0,1.03210403,0.0,8.214639256,0.0,0.007125355,0.0
