app_name,1,2,3,4,5,6,7,8,9,10,average,stddev,kernel_input_data_size,kernel_output_data_size,kernel_iterations,time_cpu,time_cpu_stddev,data_to_fpga_ocl,data_to_fpga_ocl_stddev,kernel_ocl,kernel_ocl_stddev,data_to_host_ocl,data_to_host_ocl_stddev
3d-rendering,32.836230859858915,32.716987390071154,32.720433889189735,32.84047730406746,32.677246612962335,33.18239436112344,32.715110020013526,32.71581290801987,33.357286552200094,32.73263563308865,32.84946155305952,0.219636602194533,38304,65536,13687,25.8435779379,0.02710155191253227,0.24912315499999999,0.011621373907201265,24.521394587699994,0.006925640712941522,0.2955204622,0.019359814483857568
digit-recognition,18.56866264506243,18.620433020871133,18.631593193858862,19.084731164155528,18.64386413595639,18.453143198043108,18.507447863928974,19.02502416097559,18.60390770691447,19.200642097974196,18.733944918774068,0.25128433595131966,640000,2000,16,11.8113132441,0.00027087687597839597,0.0,0.0,11.7743932236,6.330127326625165e-05,0.002360715,9.147201916676176e-05
optical-flow,13.125657445983961,13.144303150940686,13.656593366991729,13.148122668964788,13.144445520127192,13.199983252910897,13.668345178943127,13.568016940029338,13.10417845309712,13.676232815021649,13.34358787930105,0.2464695441679872,3571712,3571712,1460,5.4758248873,0.02114048015792337,1.0225684325000004,0.01431322275478268,3.3718528345000003,0.002932546685167541,0.9873089160999999,0.0044775929308064925
spam-filter,43.70563942496665,43.56129610398784,43.6769108180888,43.68852118612267,43.15946526406333,43.22682662401348,43.46179788606241,43.47239395510405,43.241093076067045,43.1550538840238,43.43489982225001,0.21197448958465773,9220500,4096,560,14.7988139855,0.0045530898054427565,1.0278205260999997,0.004044093243806054,13.6767670691,0.0004936097004680383,0.0069148865,0.00026641825127179686
