app_name,1,average,stddev,kernel_input_data_size,kernel_output_data_size,kernel_iterations,time_cpu,time_cpu_stddev,data_to_fpga_ocl,data_to_fpga_ocl_stddev,kernel_ocl,kernel_ocl_stddev,data_to_host_ocl,data_to_host_ocl_stddev
3d-rendering,33.61892829183489,33.61892829183489,0.0,38304,65536,13687,25.980022226,0.0,0.268247172,0.0,24.663133325,0.0,0.270557926,0.0
digit-recognition,18.98025385197252,18.98025385197252,0.0,640000,2000,16,11.812476448,0.0,0.0,0.0,11.774311484,0.0,0.002428279,0.0
optical-flow,14.002688828855753,14.002688828855753,0.0,3571712,3571712,1460,5.580207429,0.0,1.10601814,0.0,3.372518334,0.0,1.008807311,0.0
spam-filter,43.93109577288851,43.93109577288851,0.0,9220500,4096,560,15.257117423,0.0,1.094263316,0.0,14.066419584,0.0,0.007147538,0.0
