app_name,1,average,stddev,kernel_input_data_size,kernel_output_data_size,kernel_iterations,time_cpu,time_cpu_stddev,data_to_fpga_ocl,data_to_fpga_ocl_stddev,kernel_ocl,kernel_ocl_stddev,data_to_host_ocl,data_to_host_ocl_stddev
3d-rendering,7.352863654959947,7.352863654959947,0.0,38304,65536,1,0.336710028,0.0,3.657e-05,0.0,0.151067714,0.0,5.5904e-05,0.0
digit-recognition,9.31448948290199,9.31448948290199,0.0,640000,2000,1,1.961137053,0.0,0.000384014,0.0,1.797071795,0.0,2.6993e-05,0.0
optical-flow,8.663280572975054,8.663280572975054,0.0,3571712,3571712,1,0.202749918,0.0,0.001777146,0.0,0.025517007,0.0,0.002307917,0.0
spam-filter,29.632235812023282,29.632235812023282,0.0,9220500,4096,1,0.222663145,0.0,0.004579862,0.0,0.066914731,0.0,1.825e-05,0.0
