app_name,1,average,stddev,kernel_input_data_size,kernel_output_data_size,kernel_iterations,time_cpu,time_cpu_stddev,data_to_fpga_ocl,data_to_fpga_ocl_stddev,kernel_ocl,kernel_ocl_stddev,data_to_host_ocl,data_to_host_ocl_stddev
3d-rendering,7.680751149076968,7.680751149076968,0.0,38304,65536,1,0.336200795,0.0,0.000141635,0.0,0.149241239,0.0,5.3164e-05,0.0
digit-recognition,9.107064048061147,9.107064048061147,0.0,640000,2000,1,1.958322238,0.0,0.000646809,0.0,1.793900597,0.0,2.6706e-05,0.0
optical-flow,8.243285194039345,8.243285194039345,0.0,3571712,3571712,1,0.200916286,0.0,0.00273514,0.0,0.021767311,0.0,0.002167847,0.0
spam-filter,28.591765986057,28.591765986057,0.0,9220500,4096,1,0.221128417,0.0,0.007090239,0.0,0.063243795,0.0,1.6625e-05,0.0
