app_name,1,average,stddev,kernel_input_data_size,kernel_output_data_size,kernel_iterations,time_cpu,time_cpu_stddev,data_to_fpga_ocl,data_to_fpga_ocl_stddev,kernel_ocl,kernel_ocl_stddev,data_to_host_ocl,data_to_host_ocl_stddev
3d-rendering,32.779392041964456,32.779392041964456,0.0,38304,65536,13687,25.853287295,0.0,0.24191754,0.0,24.518435999,0.0,0.311396302,0.0
digit-recognition,19.023633872158825,19.023633872158825,0.0,640000,2000,16,11.810284102,0.0,0.0,0.0,11.774453003,0.0,0.00234533,0.0
optical-flow,13.603003088850528,13.603003088850528,0.0,3571712,3571712,1460,5.436157814,0.0,0.998117887,0.0,3.37133813,0.0,0.97651812,0.0
spam-filter,43.48796130204573,43.48796130204573,0.0,9220500,4096,560,14.769424046,0.0,1.000632022,0.0,13.676442374,0.0,0.006716072,0.0
