app_name,1,average,stddev,kernel_input_data_size,kernel_output_data_size,kernel_iterations,time_cpu,time_cpu_stddev,data_to_fpga_ocl,data_to_fpga_ocl_stddev,kernel_ocl,kernel_ocl_stddev,data_to_host_ocl,data_to_host_ocl_stddev
3d-rendering,7.563907257979736,7.563907257979736,0.0,38304,65536,1,0.334822123,0.0,0.000135452,0.0,0.149538193,0.0,5.4158e-05,0.0
digit-recognition,7.560204248176888,7.560204248176888,0.0,640000,2000,1,0.931933938,0.0,0.000642732,0.0,0.767447876,0.0,2.034e-05,0.0
optical-flow,8.455433672992513,8.455433672992513,0.0,3571712,3571712,1,0.204084479,0.0,0.002755582,0.0,0.023045851,0.0,0.002163027,0.0
spam-filter,29.0894950509537,29.0894950509537,0.0,9220500,4096,1,0.234100708,0.0,0.007090897,0.0,0.074083411,0.0,1.6433e-05,0.0
