app_name,1,2,3,4,5,6,7,8,9,10,average,stddev,kernel_input_data_size,kernel_output_data_size,kernel_iterations,time_cpu,time_cpu_stddev,data_to_fpga_ocl,data_to_fpga_ocl_stddev,kernel_ocl,kernel_ocl_stddev,data_to_host_ocl,data_to_host_ocl_stddev
3d-rendering,28.462265067035332,28.320004551904276,28.8459298259113,28.328719333047047,28.833150673890486,28.18052093894221,28.809881877852604,28.302092632977292,28.785288426093757,28.404231633991003,28.52720849616453,0.2478376862575588,38304,65536,13687,21.2660097791,0.02016913511459292,0.24431222630000002,0.009029461301086518,19.962252533999994,0.003018435581176186,0.2819946729,0.014595981495371677
digit-recognition,35.01704801199958,35.2142872500699,35.52831658697687,35.507097959984094,35.12484897579998,35.16073317010887,35.13059474597685,35.14822379103862,35.717075744178146,35.53052297281101,35.30787492089439,0.22598820641802145,640000,2000,16,28.2419125366,0.0002725788018498725,0.0021018082,5.14825056344385e-05,28.204588690499996,3.3800323976625124e-05,0.0002919229,2.0999893695233584e-05
optical-flow,12.183523151790723,12.293757467065006,11.660940635949373,11.776262540137395,11.73866065684706,11.643492262111977,11.738490326097235,11.746548966038972,12.3024594001472,11.746600328013301,11.883073573419825,0.2513940822259752,3571712,3571712,1460,3.9781908658,0.019480795298097257,1.0200308756000003,0.012697990066152335,1.8734653463000002,0.0027636141817827782,0.9905996423000001,0.008186914226411057
spam-filter,37.848424369934946,37.82110840221867,37.7431367628742,38.23888835287653,37.87993197911419,38.28108205087483,38.27189577091485,37.85505344881676,37.825985916890204,38.29602908203378,38.006153613654895,0.2199816933151674,9220500,4096,560,9.3375671742,0.0024305179496116216,1.0278690020999999,0.002782066796817283,8.2146501281,0.0008030939497452694,0.0071511365,0.0005121956288993599
