app_name,1,average,stddev,kernel_input_data_size,kernel_output_data_size,kernel_iterations,time_cpu,time_cpu_stddev,data_to_fpga_ocl,data_to_fpga_ocl_stddev,kernel_ocl,kernel_ocl_stddev,data_to_host_ocl,data_to_host_ocl_stddev
3d-rendering,28.191521999891847,28.191521999891847,0.0,38304,65536,13687,21.229682566,0.0,0.241772692,0.0,19.956516948,0.0,0.260978358,0.0
digit-recognition,35.068827842129394,35.068827842129394,0.0,640000,2000,16,28.239952134,0.0,0.0,0.0,28.20459635,0.0,0.00236093,0.0
optical-flow,12.164726383984089,12.164726383984089,0.0,3571712,3571712,1460,3.977128623,0.0,1.034192565,0.0,1.880371383,0.0,0.964760111,0.0
spam-filter,37.51850480493158,37.51850480493158,0.0,9220500,4096,560,9.317412301,0.0,1.010632629,0.0,8.214076227,0.0,0.006814849,0.0
