app_name,1,average,stddev,kernel_input_data_size,kernel_output_data_size,kernel_iterations,time_cpu,time_cpu_stddev,data_to_fpga_ocl,data_to_fpga_ocl_stddev,kernel_ocl,kernel_ocl_stddev,data_to_host_ocl,data_to_host_ocl_stddev
3d-rendering,7.345659260870889,7.345659260870889,0.0,38304,65536,1,0.339136674,0.0,3.9753e-05,0.0,0.15120281,0.0,5.4866e-05,0.0
digit-recognition,8.29666839307174,8.29666839307174,0.0,640000,2000,1,0.934404062,0.0,0.000377579,0.0,0.770396395,0.0,2.2667e-05,0.0
optical-flow,8.654736503958702,8.654736503958702,0.0,3571712,3571712,1,0.202784672,0.0,0.001796217,0.0,0.025749699,0.0,0.002314441,0.0
spam-filter,29.00974253914319,29.00974253914319,0.0,9220500,4096,1,0.235711106,0.0,0.004669236,0.0,0.077003824,0.0,1.8484e-05,0.0
