app_name,1,2,3,4,5,6,7,8,9,10,average,stddev,kernel_input_data_size,kernel_output_data_size,kernel_iterations,time_cpu,time_cpu_stddev,data_to_fpga_ocl,data_to_fpga_ocl_stddev,kernel_ocl,kernel_ocl_stddev,data_to_host_ocl,data_to_host_ocl_stddev
3d-rendering,33.03323269379325,33.148246102035046,33.551152512896806,33.75400477205403,33.21955588203855,33.196276196977124,33.77796869399026,33.18277815007605,33.65281459293328,33.66934197302908,33.418537156982346,0.27261656793492245,38304,65536,13687,25.9931018018,0.0280748531096041,0.2602125547,0.009584225379815004,24.666642101399997,0.012556122386361812,0.279756135,0.020274246745467673
digit-recognition,18.883646055823192,18.833977581001818,19.584062001900747,19.049587509129196,19.163875627098605,19.01372241205536,19.551507425960153,18.90875419601798,18.952309443149716,19.465731187956408,19.140717344009317,0.2730174005520825,640000,2000,16,11.8150659153,0.00023715155469028194,0.0022265055000000003,4.150371254411405e-05,11.7744208582,6.71073568805724e-05,0.0002598888,2.640294905582412e-05
optical-flow,13.991791722131893,13.839102449826896,13.7512237560004,13.543455448932946,13.651503023924306,14.091445410158485,13.583771859994158,13.571225217077881,13.559155730996281,13.459421119187027,13.704209573823027,0.19870416760986695,3571712,3571712,1460,5.5792927708,0.013308969216606485,1.112337507,0.013704687532132344,3.3706577734,0.0012878889508808145,1.0009072694,0.008221205470516395
spam-filter,43.849207089981064,43.982700892025605,44.579865319188684,44.62224495620467,44.48115859297104,44.571383737027645,43.842427792958915,43.94924267800525,44.38432351290248,43.85922873090021,44.21217833021656,0.32391253172806805,9220500,4096,560,15.280565077599999,0.004373617662709074,1.1151183865999998,0.00468327204605492,14.067149946,0.0009510443734296096,0.0072096687,0.00023926422830049897
