app_name,1,average,stddev,kernel_input_data_size,kernel_output_data_size,kernel_iterations,time_cpu,time_cpu_stddev,data_to_fpga_ocl,data_to_fpga_ocl_stddev,kernel_ocl,kernel_ocl_stddev,data_to_host_ocl,data_to_host_ocl_stddev
3d-rendering,36.04351639491506,36.04351639491506,0.0,38304,65536,13687,25.854789827,0.0,0.228669672,0.0,24.54141438,0.0,0.310602242,0.0
digit-recognition,21.995998967904598,21.995998967904598,0.0,640000,2000,16,11.805054877,0.0,0.0,0.0,11.774010891,0.0,0.002307355,0.0
optical-flow,16.34238399984315,16.34238399984315,0.0,3571712,3571712,1460,5.432405088,0.0,1.004414633,0.0,3.372173964,0.0,0.969394176,0.0
spam-filter,46.497364171082154,46.497364171082154,0.0,9220500,4096,560,14.766822195,0.0,1.002307557,0.0,13.676483681,0.0,0.007130793,0.0
