app_name,1,average,stddev,kernel_input_data_size,kernel_output_data_size,kernel_iterations,time_cpu,time_cpu_stddev,data_to_fpga_ocl,data_to_fpga_ocl_stddev,kernel_ocl,kernel_ocl_stddev,data_to_host_ocl,data_to_host_ocl_stddev
3d-rendering,31.473250136943534,31.473250136943534,0.0,38304,65536,13687,21.274534501,0.0,0.259211171,0.0,19.95412297,0.0,0.29506125,0.0
digit-recognition,33.76082060509361,33.76082060509361,0.0,640000,2000,16,23.534874127,0.0,0.0,0.0,23.503439724,0.0,0.002559212,0.0
optical-flow,14.789760465035215,14.789760465035215,0.0,3571712,3571712,1460,3.890252021,0.0,1.015022111,0.0,1.82550854,0.0,0.965200324,0.0
spam-filter,41.01884024590254,41.01884024590254,0.0,9220500,4096,560,9.307883521,0.0,1.006047641,0.0,8.213390766,0.0,0.006787978,0.0
