app_name,1,2,3,4,5,6,7,8,9,10,average,stddev,kernel_input_data_size,kernel_output_data_size,kernel_iterations,time_cpu,time_cpu_stddev,data_to_fpga_ocl,data_to_fpga_ocl_stddev,kernel_ocl,kernel_ocl_stddev,data_to_host_ocl,data_to_host_ocl_stddev
3d-rendering,31.42314849793911,31.411195112159476,31.63460644497536,31.545400594128296,31.488943367963657,31.534707967890427,31.41031623003073,31.33204571600072,31.45443024695851,31.40057719917968,31.463537137722597,0.08379580846723922,38304,65536,13687,21.265482186099998,0.021852234780779856,0.24491808290000003,0.010211939008339173,19.9596765344,0.009805855831884182,0.2880608101,0.016810358397149512
digit-recognition,33.73142516706139,33.764862682903185,33.73591789719649,33.74481773097068,33.59968975489028,33.648729532025754,33.65249897609465,33.75706561584957,33.61971791507676,33.684786275960505,33.693951154802924,0.05745246411410159,640000,2000,16,23.535323222400002,0.0002660482489327963,0.0,0.0,23.5032773465,5.088514685050031e-05,0.002384887,9.463841182451587e-05
optical-flow,14.97945032408461,15.114790440071374,15.115785425994545,14.930700324941427,14.951793432002887,14.819124924018979,14.735527631128207,14.846630106912926,14.995597939938307,14.926500316010788,14.941590086510406,0.11472570339729857,3571712,3571712,1460,3.9253997266,0.02585204570996566,1.0215411626,0.01799292220196411,1.8237149946,0.0034961086100518245,0.9911706997000002,0.009481406037796134
spam-filter,41.20489180483855,41.0971306739375,41.16646706010215,41.023112224880606,41.041139875072986,41.05368697200902,40.90185047313571,40.91749138897285,41.087614484131336,41.15373789006844,41.064712284714915,0.09492686452813195,9220500,4096,560,9.3265492773,0.003281179813767187,1.0225885204999998,0.0030962343288384988,8.2138722328,0.0009679053661427393,0.0072523121999999995,0.0004179645713161718
