app_name,1,2,3,4,5,6,7,8,9,10,average,stddev,kernel_input_data_size,kernel_output_data_size,kernel_iterations,time_cpu,time_cpu_stddev,data_to_fpga_ocl,data_to_fpga_ocl_stddev,kernel_ocl,kernel_ocl_stddev,data_to_host_ocl,data_to_host_ocl_stddev
3d-rendering,35.826122659957036,35.972864769166335,35.847664539003745,36.11939623299986,35.97478607296944,36.18991150800139,36.0886354141403,35.94066419219598,36.06407026411034,36.00977809377946,36.00338937463239,0.10981622477425397,38304,65536,13687,25.838798921299997,0.018055172597800984,0.2497840543,0.014810373617597008,24.518072782,0.007558555402798434,0.296017454,0.017818120407948453
digit-recognition,21.613020506920293,21.81384378601797,21.815546522848308,22.02118820301257,21.811809635022655,22.002624942921102,22.011575103038922,21.941069146152586,21.779434100026265,21.87714671296999,21.868725865893065,0.12219733429982979,640000,2000,16,11.8060161525,0.000278840127326534,0.0020433575999999998,6.848644985234504e-05,11.774011695099999,5.2108634665925144e-05,0.000255572,2.579582769450215e-05
optical-flow,16.238056442001835,16.33234010823071,16.46433946187608,16.571957697859034,16.37646597903222,16.65346575388685,16.504227073164657,16.556195477955043,16.372236186871305,16.472075682133436,16.454135986301118,0.11884036559003575,3571712,3571712,1460,5.4570465729,0.010728415927841163,1.0112471143000001,0.0082503712653135,3.3710657607,0.001900632424778345,0.9869353825999999,0.005035063871860386
spam-filter,46.18787846202031,46.31397597119212,46.44592244713567,46.49843367701396,46.57921508606523,46.604999150848016,46.40067922999151,46.50610397802666,46.3876428368967,46.27124658692628,46.41960974261165,0.12746751569008036,9220500,4096,560,14.7874738133,0.00589361910275585,1.0216775189,0.00563759101541528,13.676549394099998,0.0004961538553240117,0.0070304033,0.00022836957772097303
