app_name,1,average,stddev,kernel_input_data_size,kernel_output_data_size,kernel_iterations,time_cpu,time_cpu_stddev,data_to_fpga_ocl,data_to_fpga_ocl_stddev,kernel_ocl,kernel_ocl_stddev,data_to_host_ocl,data_to_host_ocl_stddev
3d-rendering,10.56927530397661,10.56927530397661,0.0,38304,65536,1,0.333935376,0.0,0.000141378,0.0,0.1435467,0.0,5.5228e-05,0.0
digit-recognition,11.628423498012125,11.628423498012125,0.0,640000,2000,1,1.668804406,0.0,0.000634197,0.0,1.496304089,0.0,2.5191e-05,0.0
optical-flow,11.071801980957389,11.071801980957389,0.0,3571712,3571712,1,0.200557428,0.0,0.002901033,0.0,0.017530904,0.0,0.00226533,0.0
spam-filter,32.09377501695417,32.09377501695417,0.0,9220500,4096,1,0.22332227,0.0,0.007074103,0.0,0.060782563,0.0,1.8792e-05,0.0
