app_name,1,average,stddev,kernel_input_data_size,kernel_output_data_size,kernel_iterations,time_cpu,time_cpu_stddev,data_to_fpga_ocl,data_to_fpga_ocl_stddev,kernel_ocl,kernel_ocl_stddev,data_to_host_ocl,data_to_host_ocl_stddev
3d-rendering,10.28456850699149,10.28456850699149,0.0,38304,65536,1,0.229793943,0.0,0.000146437,0.0,0.143807541,0.0,5.4607e-05,0.0
digit-recognition,10.76273773680441,10.76273773680441,0.0,640000,2000,1,0.828082898,0.0,0.000627238,0.0,0.763150959,0.0,2.2605e-05,0.0
optical-flow,11.076205383986235,11.076205383986235,0.0,3571712,3571712,1,0.204212626,0.0,0.002898294,0.0,0.018479091,0.0,0.002255078,0.0
spam-filter,31.989635522011667,31.989635522011667,0.0,9220500,4096,1,0.231570162,0.0,0.00708173,0.0,0.068881758,0.0,1.692e-05,0.0
