fpgas,1,2,3,4,5,6,7,8,9,10,average,stddev,kernel_input_data_size,kernel_output_data_size,kernel_iterations,time_cpu,time_cpu_stddev,data_to_fpga_ocl,data_to_fpga_ocl_stddev,kernel_ocl,kernel_ocl_stddev,data_to_host_ocl,data_to_host_ocl_stddev
u50_fast,31.55501189897768,31.425873095169663,31.57350484211929,31.554898282978684,31.595652335090563,31.56479172292165,31.612733419053257,31.5532714871224,31.4182479029987,31.51055081305094,31.536453579948283,0.0627200064785039,38304,65536,13687,21.2782128919,0.0219087765042948,0.2471986674,0.0061953176942528,19.9674377864,0.0133446462679983,0.2904588304,0.0142447831123531
u280_fast,28.46226506703533,28.32000455190428,28.8459298259113,28.328719333047047,28.833150673890486,28.18052093894221,28.809881877852604,28.30209263297729,28.78528842609376,28.404231633991003,28.52720849616453,0.2478376862575588,38304,65536,13687,21.2660097791,0.0201691351145929,0.2443122263,0.0090294613010865,19.962252533999997,0.0030184355811761,0.2819946729,0.0145959814953716
u280_ddr_fast,30.249819069867957,30.273280636873096,30.89406245481223,30.09696220094338,30.331329782959077,30.697215203894302,30.7752502928488,30.25170194194652,30.630789879942316,30.7641263010446,30.496453776513228,0.2689271127793317,38304,65536,13687,23.0647445472,0.0378663516792336,0.2497337991,0.0113931434625825,21.7322404149,0.0049324303738407,0.3004644534999999,0.0214319629868382
