app_name,1,2,3,4,5,6,7,8,9,10,average,stddev,kernel_input_data_size,kernel_output_data_size,kernel_iterations,time_cpu,time_cpu_stddev,data_to_fpga_ocl,data_to_fpga_ocl_stddev,kernel_ocl,kernel_ocl_stddev,data_to_host_ocl,data_to_host_ocl_stddev
u50-hbm,10.325115052999536,10.34476210899993,10.500150560999828,10.420342614999754,10.558465912001338,10.571639919000518,10.38383725499989,10.299751760001527,10.383377641999688,10.396255920999463,10.418369874700147,0.0899451975931557,32768,16384,16000,6.336220048,0.0313490608688075,0.2642675286999999,0.015023082558965,4.708195442999999,0.0030484913585808,0.2001654977,0.0087936268272189
u280-hbm,11.206651210999553,11.153093318000174,11.17782616599834,11.166068547001489,11.081230866000624,11.06108592200144,11.03267860699998,11.105250500000691,11.055000848000418,11.05861779299812,11.109750377800085,0.0581621714421814,32768,16384,16000,6.6364409576,0.0327376075487724,0.2511760711,0.0043534143345326,5.0116305968,0.0035650847822319,0.1955389396,0.0064029681336931
u280-ddr,13.602631433997884,13.787556168001174,13.652690770002664,14.321183584997923,13.921439333000308,14.20940021700153,14.10955815700072,13.553668401997127,14.410273829998914,13.589843117999408,13.915824501399763,0.3088284325841364,32768,16384,16000,6.2676120435,0.0585476667354717,0.2625762187,0.0132123977786287,4.6012934878,0.0044943321797865,0.1954372899,0.0058990977040873
