fpgas,1,2,3,4,5,6,7,8,9,10,average,stddev,kernel_input_data_size,kernel_output_data_size,kernel_iterations,time_cpu,time_cpu_stddev,data_to_fpga_ocl,data_to_fpga_ocl_stddev,kernel_ocl,kernel_ocl_stddev,data_to_host_ocl,data_to_host_ocl_stddev
u50_fast,4.975071311928332,4.900314753875136,4.79101705388166,4.817974877078086,5.01118736481294,4.815131005132571,4.987371934112161,4.984077380038798,4.699142063036561,4.9711844401899725,4.895247218408622,0.1018305884329399,524288,524288,1000,1.2264383357,0.0488853419048722,0.0572065220999999,0.0002514628568615,0.8914284675999999,0.000852013774264,0.0567497772,0.0002007057183799
u280_fast,5.490804916946217,5.454750180942938,5.387208898086101,5.578643560875207,5.254751614993438,5.38661760604009,5.406656516017392,5.462592894909903,5.414638892980292,5.51275878585875,5.434942386765033,0.0832332553410597,524288,524288,1000,1.2903926991000003,0.0338853853198335,0.0572417198,0.000193238692589,0.9407328897,0.0002587056005655,0.056670838,0.0001998150057083
u280_ddr_fast,8.45764144603163,7.968135074945167,7.993849750142544,8.289835186908022,8.689614712027833,8.089240583125502,8.683159462874755,8.261388467159122,8.074338577920571,8.166113056940958,8.267331631807611,0.2512994630163868,524288,524288,1000,1.3632750426000002,0.049959107987442,0.0581756627,0.0001466914749708,1.0325295113,0.0001623178572096,0.0566344768,0.0002270504679418
