fpgas,1,2,3,4,5,6,7,8,9,10,average,stddev,kernel_input_data_size,kernel_output_data_size,kernel_iterations,time_cpu,time_cpu_stddev,data_to_fpga_ocl,data_to_fpga_ocl_stddev,kernel_ocl,kernel_ocl_stddev,data_to_host_ocl,data_to_host_ocl_stddev
u50_fast,4.477648011999918,4.057489098999213,4.245614581001064,4.073628056999951,4.283618653000303,3.9775845979984297,3.965536310999596,4.073508830999344,4.337569082999835,4.081583470999249,4.15737806959969,0.1605190637739086,524288,524288,1000,0.6127590463,0.050055085874533,0.0603068329,0.0003045382003363,0.3167630069999999,0.0001099965201267,0.0566261346,0.000162727756479
u280_fast,4.541531014001521,4.537336290000894,4.653345030999844,4.533356500000082,4.673373805000665,4.721296755998992,4.649270203000924,4.6457737310011,4.529459711999152,4.437390529001277,4.592213357100445,0.0837038058526008,524288,524288,1000,0.6512341979,0.0440288394180062,0.0607410073,0.0002209245906699,0.3088416698999999,0.0002875304645816,0.0565997815999999,0.0001422505042859
u280_ddr_fast,7.381519094000396,7.585324555002444,7.993459811998036,7.597771950000606,8.025487587998214,7.976321059999464,7.557995020997623,7.917638527000236,7.581618169999274,7.573576252998464,7.7190712029994755,0.2207571821967509,524288,524288,1000,0.7571543521999999,0.050436003569387,0.063387591,0.0006371504753759,0.4218034067999999,0.0001224829231995,0.0566257425,0.000284173159188
