fpgas,1,2,3,4,5,6,7,8,9,10,average,stddev,kernel_input_data_size,kernel_output_data_size,kernel_iterations,time_cpu,time_cpu_stddev,data_to_fpga_ocl,data_to_fpga_ocl_stddev,kernel_ocl,kernel_ocl_stddev,data_to_host_ocl,data_to_host_ocl_stddev
u50_fast,4.327658985974267,4.20125306211412,4.297492566052824,4.337791430996731,4.533438921906054,4.092098894994706,4.517318892059848,4.425389155978337,3.997491922928021,4.405333467992023,4.313526730099693,0.1653461670665574,524288,524288,1000,0.648274132,0.0448104805381641,0.0603261486,0.000499405045923,0.3002581911999999,0.0002077496274149,0.0568164944999999,0.0001327214504242
u280_fast,4.7893341418821365,4.626910744002089,4.805414383998141,4.8093179650604725,4.62105471896939,4.80934756109491,4.813065980095416,4.805537753971294,4.817263633012772,4.798957877093926,4.769620475918055,0.0731914833605603,524288,524288,1000,0.6816480687,0.0440198602400521,0.060805446,0.000265325787834,0.3394945473,0.0001701273692822,0.0566543121,0.0001363592771072
u280_ddr_fast,7.919524244964123,8.045444571878761,7.401302837068215,7.525458917021751,7.513210158096626,7.409467288991436,7.71162403607741,7.633298840140924,8.04123991006054,7.513244246831164,7.671381505113095,0.2354195192348545,524288,524288,1000,0.7676703962999999,0.0506141775342252,0.0638092683,0.0002720673860016,0.4316884663000001,0.0002136703624771,0.0566561932,0.0003172119534225
