fpgas,1,2,3,4,5,6,7,8,9,10,average,stddev,kernel_input_data_size,kernel_output_data_size,kernel_iterations,time_cpu,time_cpu_stddev,data_to_fpga_ocl,data_to_fpga_ocl_stddev,kernel_ocl,kernel_ocl_stddev,data_to_host_ocl,data_to_host_ocl_stddev
u50_fast,33.73142516706139,33.764862682903185,33.73591789719649,33.74481773097068,33.59968975489028,33.648729532025754,33.65249897609465,33.75706561584957,33.61971791507676,33.684786275960505,33.693951154802924,0.0574524641141015,640000,2000,16,23.5353232224,0.0002660482489327,0.0,0.0,23.5032773465,5.088514685050031e-05,0.002384887,9.463841182451588e-05
u280_fast,35.019421057077125,35.43640834093094,35.67116652498953,35.09249608893879,35.13115554302931,35.6841988589149,35.522921805037186,35.1245315799024,35.155405540019274,34.884718311950564,35.272242365079,0.2684057242015913,640000,2000,16,28.2413481242,0.0002788824595008,0.0,0.0,28.2046024468,4.896923195427176e-05,0.00239917,0.0001001492752611
u280_ddr_fast,35.4756915809121,35.81676317588426,35.85948930704035,35.48893511504866,35.81967736291699,35.5332724689506,35.3947298459243,35.124758678954095,35.151743412949145,35.336523892125115,35.50015848407056,0.2516903191224139,640000,2000,16,28.2440771153,0.0002306565086713,0.0,0.0,28.204576214,6.26963815929833e-05,0.0023984809,8.977769472109064e-05
