fpgas,1,2,3,4,5,6,7,8,9,10,average,stddev,kernel_input_data_size,kernel_output_data_size,kernel_iterations,time_cpu,time_cpu_stddev,data_to_fpga_ocl,data_to_fpga_ocl_stddev,kernel_ocl,kernel_ocl_stddev,data_to_host_ocl,data_to_host_ocl_stddev
u50_fast,14.74864125601016,14.653622621903196,14.641486902954057,14.47562225908041,14.788724268088115,14.48254824988544,14.571618478978053,14.614828787045552,14.356722156051546,14.532986911945043,14.586680189194158,0.1242974056366407,71663616,71663616,500,9.2878595758,0.0530426504105568,3.3004517139000007,0.0063970530733115,2.7324645765,0.000458322043626,3.0682934095000007,0.005960969503908
u280_fast,15.13445257395506,15.061251224018632,15.105174493975936,15.0665287328884,15.10960833216086,15.237984457053244,15.218857429223135,15.174918027129024,15.10088747413829,15.115315314847976,15.132497805939057,0.0569048775400572,71663616,71663616,500,9.3418882439,0.0119227612737012,3.3329776006,0.0057923537719792,2.7324249586,0.0002999418716136,3.0646054088,0.0062558678811485
u280_ddr_fast,17.94073029491119,17.957404841901734,17.54493332398124,17.343182042008266,17.569545038044453,17.661318896105513,18.11650385009125,17.50500027392991,17.572497298009694,17.552254976006225,17.676337083498947,0.2319642918298718,71663616,71663616,500,9.0419421299,0.0554979558949179,3.5394381806,0.0173823143854996,2.2647095047000003,0.000157166030618,3.0671487919,0.0058463745722733
