app_name,1,2,3,4,5,6,7,8,9,10,average,stddev,kernel_input_data_size,kernel_output_data_size,kernel_iterations,time_cpu,time_cpu_stddev,data_to_fpga_ocl,data_to_fpga_ocl_stddev,kernel_ocl,kernel_ocl_stddev,data_to_host_ocl,data_to_host_ocl_stddev
u50-hbm,4.517468158999691,4.401479955000468,4.3888966909999,4.381419382001695,4.509771753999303,4.425374125999952,4.425452004999897,4.4097099939990585,4.693812325000181,4.425788786000339,4.457917317700049,0.0900843167147044,524288,262144,1000,0.8799281143000002,0.0497510387308403,0.0756083885,0.0007366916781948,0.5882203268999999,0.0002118959915757,0.034607418,0.0002379695739178
u280-hbm,4.90170361499986,5.005656208000801,4.977659963000406,4.90947265000068,4.897429216000091,5.009747734000484,4.893678442998862,5.009763804999238,5.017653011998846,4.801715208999667,4.942447985499894,0.0684908630462988,524288,262144,1000,0.9473736065,0.0440860179430582,0.0759028539,0.000238367071972,0.6090662402,0.000393221923307,0.0345763301,0.0002343730640284
u280-ddr,7.59374544900129,7.741761009001493,8.337451442999736,7.921733756000322,7.701083703999757,7.805681944002572,7.913879813997482,8.125681515997712,8.221618542997021,7.805784501000744,7.916842167899813,0.2279768398475712,524288,262144,1000,1.0362381267,0.0509633699554604,0.0569351947,0.0002321653604256,0.7275500618999999,0.0002885811076824,0.0342067846,0.0003283718704562
