app_name,1,2,3,4,5,6,7,8,9,10,average,stddev,kernel_input_data_size,kernel_output_data_size,kernel_iterations,time_cpu,time_cpu_stddev,data_to_fpga_ocl,data_to_fpga_ocl_stddev,kernel_ocl,kernel_ocl_stddev,data_to_host_ocl,data_to_host_ocl_stddev
u50-hbm,6.864041040998927,6.740177859999676,7.023916355999972,6.864074174000052,6.911868994999168,6.604189050000059,6.540047070000583,6.64382606000072,6.896024110999861,6.655977675998656,6.774414239299768,0.1510507038562514,32768,16384,16000,2.9356714611,0.0686706692034355,0.2609096232,0.0108568740434003,1.112095312,0.0068447126400984,0.2028831982999999,0.0141822103697288
u280-hbm,7.123998188000769,7.340003624000019,7.139626467000198,7.099941774999024,7.279763488999379,7.126275897999221,7.351948972000173,7.147988931001237,7.156051146999744,7.060099734000687,7.182569822500045,0.0975143456374113,32768,16384,16000,2.951992215,0.0366572272899808,0.2494274433,0.0039164508335414,1.1119712854,0.0038000721185829,0.1997166819999999,0.0083213155836973
u280-ddr,10.535976507999294,10.652162359001522,9.980019810001975,10.6357298490002,10.140183797000644,10.20013345100233,9.999878646998695,10.124146786001802,10.536257067000406,9.88018791000286,10.268467618400972,0.2781067241903591,32768,16384,16000,3.110492668,0.0505832219336002,0.2540727137,0.0060481455176559,1.2649019497999998,0.0024154517322086,0.1965506873999999,0.0118703303902654
