fpgas,1,2,3,4,5,6,7,8,9,10,average,stddev,kernel_input_data_size,kernel_output_data_size,kernel_iterations,time_cpu,time_cpu_stddev,data_to_fpga_ocl,data_to_fpga_ocl_stddev,kernel_ocl,kernel_ocl_stddev,data_to_host_ocl,data_to_host_ocl_stddev
u50_fast,14.97945032408461,15.114790440071374,15.115785425994543,14.930700324941428,14.951793432002887,14.81912492401898,14.735527631128209,14.846630106912926,14.995597939938309,14.926500316010788,14.941590086510406,0.1147257033972985,3571712,3571712,1460,3.9253997266,0.0258520457099656,1.0215411626,0.0179929222019641,1.8237149946,0.0034961086100518,0.9911706997000002,0.0094814060377961
u280_fast,12.055872787022963,11.630456019891426,12.188137090066448,11.634833195013924,11.627964822109789,12.266369422199205,11.655767363961786,11.654548203805462,12.096043145051226,12.046568033983933,11.885656008310615,0.2522439610200486,3571712,3571712,1460,3.9731343928,0.0123439360258663,1.0183274029,0.0087779348028072,1.8731634261,0.0023449685921584,0.9891761934000002,0.00534580671232
u280_ddr_fast,12.727624367922544,12.714607035042718,12.323872683104128,12.306804846972229,12.607625406002626,12.20640577794984,12.739671463845298,12.750722450902686,12.123840619111434,12.09069369896315,12.459186834981663,0.2601287312062997,3571712,3571712,1460,4.1119914723,0.0125315255816395,1.0445741119,0.010805115389552,1.9765034589000003,0.0008006128063412,0.9961279326,0.0051490757122805
