fpgas,1,2,3,4,5,6,7,8,9,10,average,stddev,kernel_input_data_size,kernel_output_data_size,kernel_iterations,time_cpu,time_cpu_stddev,data_to_fpga_ocl,data_to_fpga_ocl_stddev,kernel_ocl,kernel_ocl_stddev,data_to_host_ocl,data_to_host_ocl_stddev
u50_fast,15.217893868999454,14.981610955999711,15.157834374000233,15.09361426400028,15.057569761000195,14.909539936999863,14.997733115998926,15.121784214999934,15.045693421001488,14.869868408999537,15.045314232199962,0.103108376281172,32768,16384,16000,10.99913291,0.0322670009685779,0.261983005,0.0172133025665888,9.3739962007,0.0042625231072792,0.2018170801999999,0.0071384429833702
u280_fast,17.12564257700069,17.081616014000247,17.06572194399996,16.966091594000318,17.033920891999514,16.875482817999,17.065715060000002,16.857900884999253,16.933634430000893,16.949594650999643,16.995532086499953,0.0870790637973693,32768,16384,16000,12.421665285999998,0.0134580074588784,0.2519056998999999,0.0060414932163284,10.8084847273,0.0059442186424851,0.2009691425,0.0057860627062015
u280_ddr_fast,20.065547882997635,20.09369428199716,19.48971793799865,19.969883428002504,20.009672062999016,19.68167345999973,19.269848093998007,20.037758436999862,19.46133657899918,19.269604717999755,19.73487368819915,0.3211010294952651,32768,16384,16000,12.2125482571,0.0512247941235721,0.2559118742999999,0.0049515338565057,10.563436964900005,0.0022136148021038,0.1986772562,0.0077118598501401
