fpgas,array_partition,burst_rw,dataflow_func,dataflow_subfunc,vector_add,lmem_2rw,loop_reorder,partition_cyclicblock,shift_register,systolic_array,gmem_2banks,wide_mem_rw,wide_mem_rw_2x,wide_mem_rw_4x
u50_fast,0.9630550421686734,0.8974527199137821,0.8538688450192875,0.8934996214767573,0.8860596506975965,0.927507314277067,0.9351064271192067,0.9072630637040869,1.0,0.9145308486802557,1.0,0.9494134897360703,0.9494134897360705,0.9494134897360703
u280_fast,1.0,0.9345107546761539,0.9186560565870912,0.8804025979771785,0.9219753426844401,0.9445466395576564,0.9351064271192067,1.0,0.9839364165845639,1.0,1.0,0.9494134897360703,0.9494134897360703,0.9494134897360703
u280_ddr_fast,0.9437094088691321,1.0,1.0,1.0,1.0,1.0,1.0,1.0,0.9977946191414423,1.0,0.9554526315789474,1.0,1.0,1.0
