fpgas,array_partition,burst_rw,dataflow_func,dataflow_subfunc,vector_add,lmem_2rw,loop_reorder,partition_cyclicblock,shift_register,systolic_array,gmem_2banks,wide_mem_rw,wide_mem_rw_2x,wide_mem_rw_4x,3d-rendering,digit-recognition,optical-flow,spam-filter
u50_fast,0.9373384664359791,0.8595952275936899,0.7522176466572796,0.8176731324123175,0.7742347570453921,0.8493292064560243,0.885803280268702,0.8504341115907029,0.9266057961851261,0.8626803829183445,1.0,1.0,0.9514505304178393,0.8985440571552283,0.9363299861282703,0.8223684342857943,0.9202191984843998,0.8327022180205012
u280_fast,1.0,0.9103340178596173,0.8620718919816386,0.7952512471334839,0.8453993179488539,0.8847442091680587,0.885803280268702,1.0,0.8957875537296012,1.0,1.0,1.0,0.9514505304178393,0.8985440571552283,0.9328362408543607,1.0,0.9427839047441253,0.9521746558036867
u280_ddr_fast,0.9045267616330958,1.0,1.0,1.0,1.0,1.0,1.0,1.0,1.0,1.0,0.9234996384671007,0.9458380260059384,1.0,1.0,1.0,1.0,1.0,1.0
