fpgas,array_partition,burst_rw,dataflow_func,dataflow_subfunc,vector_add,lmem_2rw,loop_reorder,partition_cyclicblock,shift_register,systolic_array,gmem_2banks,wide_mem_rw,wide_mem_rw_2x,wide_mem_rw_4x
u50_fast,0.9637750238322212,1.0,1.0,0.9722577112611792,1.0,1.0,0.9988594240091246,1.0,0.9667700487372618,1.0,1.0,0.9795215657847047,0.9879580251161191,1.0
u280_fast,0.9024467747060693,0.942514098599236,0.8722576079263976,1.0,0.9136838180462342,0.9599923430321593,1.0,0.8483203257550052,1.0,0.8594018563080097,0.9978937514626726,1.0,1.0,0.9717874044412086
u280_ddr_fast,1.0,0.8571948335455702,0.752830856334041,0.7944880452637343,0.7705070842654735,0.8491577335375192,0.8853721129170231,0.8483203257550052,0.9707576428887904,0.8594018563080097,0.9742569623215539,0.8013773106197898,0.7109926027868572,0.8860575172915909
