fpgas,array_partition,burst_rw,dataflow_func,dataflow_subfunc,vector_add,lmem_2rw,loop_reorder,partition_cyclicblock,shift_register,systolic_array,gmem_2banks,wide_mem_rw,wide_mem_rw_2x,wide_mem_rw_4x
u50_fast,0.9625088207087277,0.8969389644513643,0.8543039028321323,0.8932315934417152,0.8860937102646975,0.9277971561856313,0.9355311316220657,0.9060114855312313,1.0,0.9128781708659774,1.0,0.9494134897360703,0.9494134897360703,0.9494134897360703
u280_fast,1.0,0.9346704250536468,0.9192931273614232,0.8799938256402706,0.9222223280595688,0.9447364371671924,0.9349574739515819,1.0,0.9839582601467131,1.0,1.0,0.9494134897360703,0.9494134897360703,0.9494134897360703
u280_ddr_fast,0.9425240927461773,1.0,1.0,1.0,1.0,1.0,1.0,1.0,0.9980170037326042,1.0,0.9554526315789474,1.0,1.0,1.0
