fpgas,cl_array_partition,cl_burst_rw,cl_dataflow_func,cl_dataflow_subfunc,cl_helloworld,cl_lmem_2rw,cl_loop_reorder,cl_partition_cyclicblock,cl_shift_register,cl_systolic_array,cl_gmem_2banks,cl_wide_mem_rw_strm,cl_wide_mem_rw_2x,cl_wide_mem_rw_4x
u50_fast,0.9625088207087277,0.8969389644513643,0.8543039028321323,0.8932315934417152,0.8860937102646975,0.9277971561856313,0.9355311316220657,0.9060114855312313,1.0,0.9128781708659774,1.0,0.9494134897360703,0.9494134897360703,0.9494134897360703
u280_fast,1.0,0.9346704250536468,0.9192931273614232,0.8799938256402706,0.9222223280595688,0.9447364371671924,0.9349574739515819,1.0,0.9839582601467131,1.0,1.0,0.9494134897360703,0.9494134897360703,0.9494134897360703
u280_ddr_fast,0.9425240927461773,1.0,1.0,1.0,1.0,1.0,1.0,1.0,0.9980170037326042,1.0,0.9554526315789474,1.0,1.0,1.0
