fpgas,1,2,3,4,5,6,7,8,9,10,average,stddev,kernel_input_data_size,kernel_output_data_size,kernel_iterations,time_cpu,time_cpu_stddev,data_to_fpga_ocl,data_to_fpga_ocl_stddev,kernel_ocl,kernel_ocl_stddev,data_to_host_ocl,data_to_host_ocl_stddev
u50_fast,26.64119549910538,26.72022013808601,26.61297349003144,26.56951985601336,26.675358417909592,26.637066652998328,26.613049240084365,26.70042501296848,26.5934258881025,26.633274571970105,26.639650876726957,0.0447035692251844,524332,524288,1000,16.576160722900003,0.0025995474169787,0.06205349,0.0001666944626788,16.2176353566,0.0022334015074836,0.0569826510999999,0.0002255871145834
u280_fast,23.26710241218097,23.30437987600453,23.34716986306012,23.95253680599853,23.379022531909868,23.47656747605652,23.50264142779633,23.381040883949023,23.495029950980097,23.81710714707151,23.49225983750075,0.2121274506556327,524332,524288,1000,16.5517566956,0.0176722787763915,0.0631937704,0.0009612778533941,16.191345074300003,0.0182105827495052,0.0569067366999999,0.0002425410566028
u280_ddr_fast,27.70867036096752,27.88143255189061,27.77842289302498,27.878422582056373,28.38963823695667,27.762788987951357,27.90622588992119,28.28236736287363,28.39439986110665,27.766381239052865,27.974874996580184,0.2575338677594301,524332,524288,1000,20.3896313587,0.0015399569275595,0.0651543601,0.0003281237592574,20.022067113599995,0.0002642049816632,0.0569470589,0.0002944476830996
