fpgas,1,2,3,4,5,6,7,8,9,10,average,stddev,kernel_input_data_size,kernel_output_data_size,kernel_iterations,time_cpu,time_cpu_stddev,data_to_fpga_ocl,data_to_fpga_ocl_stddev,kernel_ocl,kernel_ocl_stddev,data_to_host_ocl,data_to_host_ocl_stddev
u50_fast,40.7662375359796,41.09713425417431,41.03692381596193,40.971057118847966,41.03496197983623,41.25453119282611,41.07453837292269,41.01712437905371,41.185370853869244,40.95447667199187,41.03923561754637,0.1261661931896371,9220500,4096,560,9.3263736753,0.0053727176597435,1.0234687593,0.0051698344709186,8.213561786700001,0.0003811543177577,0.0069499915999999,0.0002356233192671
u280_fast,37.84842436993495,37.82110840221867,37.7431367628742,38.23888835287653,37.87993197911419,38.28108205087483,38.27189577091485,37.85505344881676,37.82598591689021,38.29602908203378,38.006153613654895,0.2199816933151674,9220500,4096,560,9.3375671742,0.0024305179496116,1.0278690021,0.0027820667968172,8.2146501281,0.0008030939497452,0.0071511365,0.0005121956288993
u280_ddr_fast,38.7422311459668,38.74567036307417,38.58655345905572,38.548758764984086,38.0546335328836,38.05660263821483,38.19174661906436,38.54090030491352,38.67591414810158,38.5508560508024,38.4693867027061,0.253910348700129,9220500,4096,560,9.362390907,0.0039723157285484,1.0488291517,0.0037842106140028,8.2146354538,0.0003305116958082,0.0072076384,0.0002212740988227
