fpgas,1,2,3,4,5,6,7,8,9,10,average,stddev,kernel_input_data_size,kernel_output_data_size,kernel_iterations,time_cpu,time_cpu_stddev,data_to_fpga_ocl,data_to_fpga_ocl_stddev,kernel_ocl,kernel_ocl_stddev,data_to_host_ocl,data_to_host_ocl_stddev
u50-fast,4.6012423030006175,4.289174159999675,4.50932180000018,4.305409717999282,4.485369582998828,4.373415017000298,4.26916754100057,4.493301283000619,4.601292221999756,4.357008619001135,4.428470224600096,0.1190620334459737,524288,262144,1000,0.841402735,0.0518383509228361,0.0756183295,0.0003713649321481,0.5510819564,0.0003137086158046,0.0344813654,0.0002976271157592
u280-fast,4.853167832001418,4.961406022001029,4.96134944699952,4.87747737799873,4.833677761000217,4.961316558999897,4.961348316999647,4.865016017000016,4.757317616000364,4.737328826999146,4.876940577599998,0.0805503774790895,524288,262144,1000,0.9355791621,0.0433930259144808,0.0758818791,0.0004854014100756,0.5976190234,0.0005182036148214,0.034587131,0.0004868778748353
u280-ddr-fast,8.168290221998177,7.933573227001034,7.752217703997303,8.152024316001189,8.380273651000607,7.869334423001419,8.389197846998286,7.625303765998979,7.953263311999763,7.757257838999067,7.998073630699582,0.2513695117044668,524288,262144,1000,1.0196145443,0.052732852102801,0.0701223270999999,0.0003831445257785,0.7097873023000001,0.0002889328386832,0.0344693478,0.0004594925122738
