app_name,1,2,3,4,5,6,7,8,9,10,average,stddev,kernel_input_data_size,kernel_output_data_size,kernel_iterations,time_cpu,time_cpu_stddev,data_to_fpga_ocl,data_to_fpga_ocl_stddev,kernel_ocl,kernel_ocl_stddev,data_to_host_ocl,data_to_host_ocl_stddev
u50-hbm,13.486630662000607,13.356472519999445,14.086938149999696,14.328917130000264,13.46318855699974,13.871763828001349,13.543880379998882,13.963973668000108,13.46511561099942,13.575393671000713,13.71422741770002,0.3093713976465507,33554432,16777216,1000,6.191306050400001,0.0447528383046931,3.8572213881,0.0309205988188717,0.6277833225,0.005763499626596,1.6567286232,0.0271412726096032
u280-hbm,13.930058490999729,14.491659700001035,13.902082434000476,14.271117876000062,14.387238239998624,13.908085401999417,14.052609420999945,13.792640683999709,14.349575166999784,14.405505400998663,14.149057281599744,0.2446094659452616,33554432,16777216,1000,6.174873057800001,0.0620895001036546,3.9023246765,0.0592967488239584,0.6230916497999999,0.0015374702079025,1.5996863426,0.0117879767889721
u280-ddr,15.007138643999497,14.879653497999245,15.04391283899895,15.035091378002107,15.56752816199878,15.567410480001854,14.87898123999912,15.11037372699866,14.882910360000096,15.05128862499987,15.102428895299818,0.2449466209827462,33554432,16777216,1000,7.112141857499999,0.0547241395220931,3.999344340300001,0.0525012709865266,1.6528454312,0.0012927722115936,1.4102548844000002,0.0137046054539685
