app_name,1,2,3,4,5,6,7,8,9,10,average,stddev,kernel_input_data_size,kernel_output_data_size,kernel_iterations,time_cpu,time_cpu_stddev,data_to_fpga_ocl,data_to_fpga_ocl_stddev,kernel_ocl,kernel_ocl_stddev,data_to_host_ocl,data_to_host_ocl_stddev
u50-hbm,11.926716381000006,12.115269055999306,11.900733574000697,12.160588915001426,12.098630921000222,12.058496567000477,11.986479047000104,12.190728163999664,12.108730863001256,11.91481164600009,12.046118513400325,0.1009060484417424,33554432,16777216,1000,6.7440906946,0.0499309141209356,3.989970668,0.0532187422993662,1.0793861989,0.0023402710452732,1.6508716809,0.0066616811413872
u280-hbm,12.46042778499941,12.440666666001562,12.554654125000525,12.45661933500014,12.470520280998244,12.572595233999891,12.877904854998633,12.57008344300084,12.402825066999869,12.458994512999196,12.526529130399831,0.1295780538575796,33554432,16777216,1000,6.7281812172,0.0148641499410198,4.028235099,0.0028953300584241,1.0784496705,0.0013862608198469,1.5975598093,0.0144829329986704
u280-ddr,15.118683420001616,14.500149674000568,14.63500823800132,14.598030381999706,15.221718888002217,14.629650161998144,14.561286320000365,14.57867118500144,14.649816873999953,14.56168876599986,14.70547039090052,0.2371304803482743,33554432,16777216,1000,7.1866100436,0.0395396777807428,3.9446206146,0.0393922322983223,1.815777062,0.0030720190427715,1.4021743445,0.011574696038289
