fpgas,1,2,3,4,5,6,7,8,9,10,average,stddev,kernel_input_data_size,kernel_output_data_size,kernel_iterations,time_cpu,time_cpu_stddev,data_to_fpga_ocl,data_to_fpga_ocl_stddev,kernel_ocl,kernel_ocl_stddev,data_to_host_ocl,data_to_host_ocl_stddev
u50_fast,12.56944931903854,12.267614871961996,12.363152997102588,12.565088320989162,12.48338292306289,12.261336758034304,12.577647163067011,12.493455799063668,12.469195808982477,12.35471601691097,12.44050399782136,0.1147851982457497,33554432,16777216,1000,7.8890654925,0.0505625442248933,4.1988499406,0.0007188518793969,2.0250778649,0.0006896462739592,1.4358132113999995,0.0028695237602741
u280_fast,12.803190313046798,12.817280848976225,13.12212928989902,12.916429447941482,13.014811015920714,13.004225460113958,13.034144618082792,13.015276591992006,12.998925813939422,12.89464926114306,12.962106266105549,0.0961233441644223,33554432,16777216,1000,7.913657756799999,0.0041880896465276,4.199378547,0.0018333624421719,2.0245958620999995,0.0002228009458036,1.434665464,0.0027521108436337
u280_ddr_fast,13.673823835793884,14.267358287936077,13.8045910440851,14.48080921289511,14.336906482931226,13.83351879986003,14.025392859010026,13.827925801975653,14.290759632131085,13.825250305002555,14.036633626162075,0.2683967571632207,33554432,16777216,1000,6.6348862365,0.04795496297922,2.7812955428,0.0028442510879689,2.1939147326,0.0068762823184133,1.4358334154,0.0035215172154324
