setting,fpga,runs,buf_size,program_bs,program_bs_stddev,kernel_alloc,kernel_alloc_stddev,kernel_setarg,kernel_setarg_stddev,kernel_enqueue,kernel_enqueue_stddev,buf_alloc,buf_alloc_stddev,init_transfer,init_transfer_stddev,transfer,transfer_stddev,finish,finish_stddev,total,total_stddev
proteus,u50-fast,2,83886080.0,3615.3088795,137.65413384477364,0.0051655,0.0006441742776609451,0.003534,0.00011172287142747431,167.875017,0.015890103586839517,0.0017295000000000001,0.00019021172413918123,185.4576005,0.09440511924943736,6.937157,0.00831840417387815,0.0011435,0.00016051323932934628,4116.8730255,137.73376962468453
proteus,u280-fast,2,83886080.0,3885.07969,66.13954531948124,0.0042415,0.0008845905832643709,0.0025905,0.00015485638507985392,182.709425,0.008141627478585694,0.001666,0.0002658721497261419,80.48912849999999,0.9644349596756129,6.9685455,0.0063321412255257226,0.001148,0.0002192031021678297,4296.4969325,65.17520935475466
proteus,u280-ddr-fast,2,83886080.0,6728.5965235,2.3426143604795095,0.0051365000000000004,0.00017324116139070384,0.0030175,0.0001223294731452727,218.7593735,0.01189424316633403,0.0014889999999999999,0.0001499066376115482,182.6330825,1.690663322439013,7.2229765,0.023697269557904854,0.0011255,0.00012940054095713822,7278.739423499999,0.6731691912235693
native,u50-fast,2,83886080.0,3146.4927745,1.5533969256477633,11.5468705,0.06561738797376744,4.630597,0.00014283556979955068,167.8645125,0.004919341876714727,0.0032909999999999997,0.00011737972567696683,171.913701,1.3854512869415376,6.948467,0.007048440394867961,0.0002065,3.5355339059327467e-06,4042.6860525,77.13596722757268
native,u280-fast,2,83886080.0,3776.804225,2.654502898204893,16.822837,0.08212338156700666,4.747679,0.061228376182943266,182.70016900000002,0.0063611326035515154,0.0038975,0.00031183409050326746,110.4133545,73.36722667677759,6.9839115,0.004728423045794678,0.00021799999999999999,2.2627416997969512e-05,4406.61089,80.44382194235163
native,u280-ddr-fast,2,83886080.0,6742.495693999999,361.5813252009356,17.7761395,0.14830362653859813,0.0160725,0.0004970960671741445,218.743519,0.0023589082220314183,1.5886390000000001,0.008167083322704587,162.120354,0.5918116063005233,7.1954910000000005,0.0012996622638210358,0.000203,4.101219330881976e-05,7463.759398,370.8027499892234
