setting,fpga,runs,buf_size,program_bs,program_bs_stddev,kernel_alloc,kernel_alloc_stddev,kernel_setarg,kernel_setarg_stddev,kernel_enqueue,kernel_enqueue_stddev,buf_alloc,buf_alloc_stddev,init_transfer,init_transfer_stddev,transfer,transfer_stddev,finish,finish_stddev,total,total_stddev
proteus,u50-fast,2,83886080.0,3564.1819615000004,74.55071836751728,0.004678,5.091168824543143e-05,0.0032459999999999998,0.0007721606050557097,167.86782399999998,0.012057584832797766,0.0013955,2.4748737341529075e-05,187.0255645,2.59379990236033,7.0123545,0.000849235244205049,0.0009815,4.45477272147525e-05,4067.4378955,77.09248723159749
proteus,u280-fast,2,83886080.0,3929.6936465,4.832316123833931,0.005285,0.00021920310216783,0.0031095000000000003,0.00045184123317820404,182.710049,0.008565891547291609,0.0013635,6.010407640085655e-05,181.155011,0.03278147037580329,7.0495315000000005,0.0036140227586446633,0.0012545,0.00034294678887547553,4442.031403,4.873676920785876
proteus,u280-ddr-fast,2,83886080.0,6884.070865,376.1690851750249,0.005349,0.00014000714267493598,0.003339,0.00025031580054003794,218.754154,0.013278051137119235,0.001371,4.66690475583122e-05,181.2889695,0.1641612032134847,7.2571015,0.04320068879659205,0.0013075,0.00047446865017617334,7432.9560635,376.2583793264599
native,u50-fast,2,83886080.0,3199.1388605,60.831846963509705,12.3852625,0.0741224683378798,5.1357045,0.010822269286059883,167.8608835,0.0019480791821542241,0.003367,2.2627416997969763e-05,167.897857,0.41491894549176317,7.0262575,0.01334522628133381,0.0001885,2.333452377915606e-05,4136.9666685,72.29344260313921
native,u280-fast,2,83886080.0,3776.3033530000002,1.7882277947868943,17.178632999999998,0.350706578692217,5.144491,0.031747680261713526,182.7029725,0.005684431413976332,0.0039795,0.0006045762979144983,160.2150225,2.267126468947105,7.0539005,0.0005819488809168555,0.000219,5.3740115370177615e-05,4452.2547460000005,3.2980747208878998
native,u280-ddr-fast,2,83886080.0,6741.966562,367.39506098932986,18.1092555,0.17612544995116536,0.0169635,1.343502884254312e-05,218.760677,0.013258252147235708,1.745258,0.02479682060264976,106.13235300000001,73.69089278505047,7.344110499999999,0.10841856143898976,0.0005765,0.000320319371877506,7438.217698500001,485.77383591712487
