best,frequency_only,scheduler
1.1825174891404482,1.1070251066184364
1.1386573998121097
