best,frequency_only,scheduler
1.2328970341042937,1.1292707754113054
1.1292707754113054
