best,frequency_only,scheduler
1.1686445917912145,1.0958349573964035,1.1235441769331909
