best,frequency_only,scheduler
1.256005403551401,1.1272337507240588
1.1272337507240588
