app_name,1,average,stddev,kernel_input_data_size,kernel_iterations,data_to_fpga_average,kernel_average,data_to_host_average
cl_array_partition,9.283670190954581,9.283670190954581,0,32768,100,102024,400428,65984
cl_burst_rw,10.307295677019283,10.307295677019283,0,524288,1000,123435,1245715,166545
cl_helloworld,10.22609708015807,10.22609708015807,0,524288,1000,171804,890411,118548
cl_lmem_2rw,10.513240847969428,10.513240847969428,0,524288,1000,181057,919165,129269
cl_loop_reorder,8.883378979051486,8.883378979051486,0,32768,100,40560,106358,28777
cl_shift_register,14.463792143855244,14.463792143855244,0,524332,100,190316,57415243,118627
cl_wide_mem_rw,11.98944422090426,11.98944422090426,0,8388608,1000,908532,1383258,504757
