app_name,1,average,stddev,kernel_input_data_size,kernel_iterations,data_to_fpga_average,kernel_average,data_to_host_average
cl_array_partition,9.120672008022666,9.120672008022666,0,32768,100,80883,533601,76143
cl_burst_rw,11.577202599029988,11.577202599029988,0,524288,1000,164601,2568051,165370
cl_helloworld,11.289409361081198,11.289409361081198,0,524288,1000,187117,1650078,143945
cl_lmem_2rw,11.221278046024963,11.221278046024963,0,524288,1000,177526,1843946,118400
cl_loop_reorder,8.846497323131189,8.846497323131189,0,32768,100,37656,137818,32523
cl_shift_register,16.965798303019255,16.965798303019255,0,524332,100,190594,81559388,168836
cl_wide_mem_rw,12.858683056896552,12.858683056896552,0,8388608,1000,936671,1994940,503943
