app_name,1,average,stddev,kernel_input_data_size,kernel_iterations,data_to_fpga_average,kernel_average,data_to_host_average
cl_array_partition,6.160425923997536,6.160425923997536,0,32768,100,102902,430126,89936
cl_burst_rw,7.579071189975366,7.579071189975366,0,524288,1000,171927,1202013,128126
cl_helloworld,7.2398045770823956,7.2398045770823956,0,524288,1000,163448,786460,121066
cl_lmem_2rw,6.877775313798338,6.877775313798338,0,524288,1000,175884,793618,122170
cl_loop_reorder,5.649375924142078,5.649375924142078,0,32768,100,32712,93366,22038
cl_shift_register,9.664824129780754,9.664824129780754,0,524332,100,170563,36521223,171319
cl_wide_mem_rw,9.394617976853624,9.394617976853624,0,8388608,1000,1222619,1523460,498800
