app_name,1,average,stddev,kernel_input_data_size,kernel_iterations,data_to_fpga_average,kernel_average,data_to_host_average
cl_array_partition,5.1019798731431365,5.1019798731431365,0,32768,100,34863,326390,34971
cl_burst_rw,6.488132525002584,6.488132525002584,0,524288,1000,160891,1162866,169600
cl_helloworld,6.121986269950867,6.121986269950867,0,524288,1000,179278,741748,100226
cl_lmem_2rw,5.767244484042749,5.767244484042749,0,524288,1000,168748,758356,138248
cl_loop_reorder,4.554560241987929,4.554560241987929,0,32768,100,36933,95388,34381
cl_shift_register,8.278510938864201,8.278510938864201,0,524332,100,185779,36502922,172364
cl_wide_mem_rw,8.577450420940295,8.577450420940295,0,8388608,1000,1256093,1534169,512491
