app_name,1,2,3,4,5,average,stdev
cl_burst_rw,6.343557785032317,6.3775593569735065,6.511554491007701,6.388018919038586,6.353523958008736,6.3948429020121695,0.06764669436821175
cl_helloworld,5.370880829053931,5.5012274460168555,5.762322040041909,5.596892671077512,5.5662376310210675,5.559512123442255,0.14278766482968713
cl_lmem_2rw,5.724534287001006,5.467987669981085,5.725044507998973,5.592924093944021,5.699759781942703,5.642050068173558,0.11150472441710906
cl_shift_register,9.007806938956492,8.914513260009699,9.073672938975506,9.029136690078303,9.058606851031072,9.016747335810214,0.06260586306434353
cl_wide_mem_rw,7.169174166047014,7.429692671983503,7.566377994953655,7.325649159029126,7.5356661030091345,7.405312019004486,0.16250854510121207
