app_name,1,2,3,4,5,average,stdev
cl_burst_rw,6.651703387033194,6.529870584025048,6.53612817497924,6.405672113993205,6.784530085977167,6.581580869201571,0.14299418105375566
cl_helloworld,5.801180378999561,6.012523488025181,5.923543837969191,5.648253748076968,6.156295296968892,5.9083593500079585,0.1947403566940046
cl_lmem_2rw,5.91299291793257,6.077174604986794,5.862912158947438,5.97081181302201,6.067628404009156,5.978303979779594,0.0940627356742231
cl_shift_register,8.477392266038805,8.817384701920673,8.58821326191537,8.943047131062485,8.639757638098672,8.693158999807201,0.18594132135092442
cl_wide_mem_rw,8.269506225944497,8.33978305303026,8.539360966999084,8.532767134020105,8.721037496929057,8.480490975384601,0.17914685708315534
