app_name,1,average,stddev,kernel_input_data_size,kernel_iterations,data_to_fpga_average,kernel_average,data_to_host_average
cl_array_partition,4.789371383842081,4.789371383842081,0,32768,100,85790,533590,65112
cl_burst_rw,7.658944134134799,7.658944134134799,0,524288,1000,132370,2558310,142223
cl_helloworld,6.845718898111954,6.845718898111954,0,524288,1000,175176,1616316,119305
cl_lmem_2rw,6.9173952951096,6.9173952951096,0,524288,1000,159584,1633226,116206
cl_loop_reorder,4.481607123045251,4.481607123045251,0,32768,100,35047,132624,34209
cl_shift_register,10.72277721716091,10.72277721716091,0,524332,100,192269,60601576,171874
cl_wide_mem_rw,8.941326246131212,8.941326246131212,0,8388608,1000,1235078,1922112,484612
