app_name,runs,buf_size,mem_limit,num_chunks,chunk_size,input_size,time_total,time_total_stddev,time_to_fpga,time_to_fpga_stddev,time_kernel,time_kernel_stddev,time_to_host,time_to_host_stddev
cl_wide_mem_rw_strm_oversub-u280-ddr-opt-fast-buf2048-lim4096-o,10,2048,4096,4,715825152,4294967296,0.8357446015999999,0.008555679126090586,0.3160021274,0.014294971254501812,0.3396485896,0.009047416514787151,0.11218081020000001,1.5859587172714945e-05
cl_wide_mem_rw_strm_oversub-u280-ddr-opt-fast-buf2048-lim2048-o,10,2048,2048,7,357912576,4294967296,0.7249018977,0.00867383025876667,0.39543498579999997,0.014126770544346122,0.41731562689999996,0.006020774943920279,0.14024265819999998,2.0113992834176755e-05
cl_wide_mem_rw_strm_oversub-u280-ddr-opt-fast-buf2048-lim1024-o,10,2048,1024,13,178954240,4294967296,0.6840209893000001,0.007882725211547922,0.4242380258999999,0.014161678212270577,0.45773490040000003,0.004509731181703352,0.15438124120000002,1.3136633204727612e-05
cl_wide_mem_rw_strm_oversub-u280-ddr-opt-fast-buf2048-lim512-o,10,2048,512,25,89477120,4294967296,0.6758120791,0.008989350600679034,0.44694233240000003,0.016626604753723993,0.48601557250000005,0.006734970460368314,0.1615747338,2.2425237076907215e-05
cl_wide_mem_rw_strm_oversub-u280-ddr-opt-fast-buf2048-lim256-o,10,2048,256,49,44736512,4294967296,0.6698339971000001,0.010505339979457415,0.4611426067999999,0.021901886729013508,0.5000518766,0.005434050355684693,0.16543179460000002,3.749899540046504e-05
cl_wide_mem_rw_strm_oversub-u280-ddr-opt-fast-buf2048-lim128-o,10,2048,128,97,22368256,4294967296,0.6704515929999999,0.0040509793405973035,0.466670249,0.011637080125050266,0.5066163089,0.005459334122916318,0.16787336539999997,2.261838999182141e-05
cl_wide_mem_rw_strm_oversub-u280-ddr-opt-fast-buf2048-lim64-o,10,2048,64,193,11182080,4294967296,0.6704986082000001,0.0035930450899494233,0.4629695741999999,0.005523424898360916,0.5151508070999999,0.003850937296122895,0.17003402620000002,5.018478695957304e-05
