app_name,runs,buf_size,mem_limit,num_chunks,chunk_size,input_size,time_total,time_total_stddev,time_to_fpga,time_to_fpga_stddev,time_kernel,time_kernel_stddev,time_to_host,time_to_host_stddev
cl_wide_mem_rw_strm_oversub-u280-ddr-opt-fast-buf2048-lim1000000000-o,10,2048,1000000000,8,268435456,4294967296,0.7588445373000001,0.005506947988014688,0.35460652659999997,0.005904108414425788,0.3771889088,0.002285520602023524,0.1322331465,3.379293658361519e-05
cl_wide_mem_rw_strm_oversub-u280-ddr-opt-fast-buf2048-lim4096-o,10,2048,4096,4,715825152,4294967296,0.8898443265000001,0.007730881084791011,0.31359738680000004,0.002685335757317049,0.3375010926,0.002927289102730885,0.1178488201,3.1915824021775336e-05
cl_wide_mem_rw_strm_oversub-u280-ddr-opt-fast-buf2048-lim2048-o,10,2048,2048,7,357912576,4294967296,0.7722375476,0.007552694923346655,0.3902784005,0.010222680225196186,0.418446309,0.00302332823507972,0.1469465613,5.089923102028223e-05
cl_wide_mem_rw_strm_oversub-u280-ddr-opt-fast-buf2048-lim1024-o,10,2048,1024,13,178954240,4294967296,0.7376572652,0.0038214700161196837,0.42741647950000006,0.006192555081412147,0.46050196439999996,0.0034432863363727654,0.1616659219,6.424640527505327e-05
cl_wide_mem_rw_strm_oversub-u280-ddr-opt-fast-buf2048-lim512-o,10,2048,512,25,89477120,4294967296,0.7253743584000001,0.007080125955055598,0.4469739818000001,0.01079770911355888,0.4816674325,0.0033053237479608653,0.169040694,6.46348951143603e-05
