app_name,average,stddev,kernel_input_data_size,kernel_output_data_size,kernel_iterations,time_cpu,time_cpu_stddev,data_to_fpga_ocl,data_to_fpga_ocl_stddev,kernel_ocl,kernel_ocl_stddev,data_to_host_ocl,data_to_host_ocl_stddev
cl_burst_rw,2.3724463233770963,0.0,524288,524288,1000,0.0,0.0,0.0587551342,0.0,1.6214494468832001,0.0,0.0566850590999999,0.0
cl_helloworld,1.2916332641101662,0.0,524288,262144,1000,0.0,0.0,0.0700794071,0.0,0.5752227577135098,0.0,0.0343851833,0.0
cl_lmem_2rw,1.3838912245093464,0.0,524288,262144,1000,0.0,0.0,0.0569068951999999,0.0,0.64567836581336,0.0,0.0343635933999999,0.0
cl_shift_register,21.053195189754167,0.0,524332,524288,1000,0.0,0.0,0.0653838376,0.0,20.222261850865,0.0,0.0568883499,0.0
cl_gmem_2banks,11.763870602545282,0.0,71663616,71663616,500,0.0,0.0,3.5345902607,0.0,3.453488506582308,0.0,3.0639826497,0.0
cl_wide_mem_rw_strm,7.202008917638228,0.0,33554432,16777216,1000,0.0,0.0,2.7818487972000003,0.0,1.784331295252618,0.0,1.4380435247,0.0
