app_name,average,stddev,kernel_input_data_size,kernel_output_data_size,kernel_iterations,time_cpu,time_cpu_stddev,data_to_fpga_ocl,data_to_fpga_ocl_stddev,kernel_ocl,kernel_ocl_stddev,data_to_host_ocl,data_to_host_ocl_stddev
cl_burst_rw,2.372494584668563,0.0,524288,524288,1000,0.0,0.0,0.058687488,0.0,1.6215118984746666,0.0,0.056738515,0.0
cl_helloworld,1.2915134447621466,0.0,524288,262144,1000,0.0,0.0,0.069913166,0.0,0.5753827977654903,0.0,0.034271565,0.0
cl_lmem_2rw,1.383056182258387,0.0,524288,262144,1000,0.0,0.0,0.056904027,0.0,0.6447705301624002,0.0,0.034439255,0.0
cl_shift_register,21.05337046563917,0.0,524332,524288,1000,0.0,0.0,0.064887361,0.0,20.22261160225,0.0,0.057210351,0.0
cl_gmem_2banks,11.751363419141361,0.0,71663616,71663616,500,0.0,0.0,3.544033853,0.0,3.453237584578388,0.0,3.042282796,0.0
cl_wide_mem_rw_strm,7.201143003760609,0.0,33554432,16777216,1000,0.0,0.0,2.781372088,0.0,1.7806293792750003,0.0,1.441356236,0.0
