best,frequency_only,scheduler
1.1840965383726207,1.1524573737120032,1.1528969278054921
