best,frequency_only,scheduler
1.1723677383702635,1.0984975433915882,1.099289577877035
