best,frequency_only,scheduler
1.1890659486200479,1.1114517480233794,1.1140103751198944
