best,frequency_only,scheduler
1.1789999744140789,1.1120790778852516,1.1119205859166377
