best,frequency_only,scheduler
1.1621306020664386,1.1303299396110655,1.132087271835732
