best,frequency_only,scheduler
1.1871373611761686,1.1161342989907885,1.1178516415900106
