best,frequency_only,scheduler
1.1722591340506026,1.1056503741331802,1.1077976193645782
