best,frequency_only,scheduler
1.1796163672318796,1.1072856656771033,1.109919691781596
