best,frequency_only,scheduler
1.188673302222348,1.1199037937325236,1.1189411931882067
