best,frequency_only,scheduler
1.2022836196692481,1.1095406257843605,1.1120075751037737
