best,frequency_only,scheduler
1.1840965383726207,1.1129959473034754,1.1134355013969643
