best,frequency_only,scheduler
1.1742387587538563,1.1067236835587968,1.1050337215488923
