best,frequency_only,scheduler
1.185501151846052,1.1145514819403515,1.1107610698768273
