best,frequency_only,scheduler
1.180698747432668,1.1127494384668217,1.11277298022249
