best,frequency_only,scheduler
1.182776720165785,1.069922048000579,1.072340574815793
