app_name,1,average,stddev,kernel_input_data_size,kernel_output_data_size,kernel_iterations,time_cpu,time_cpu_stddev,data_to_fpga_ocl,data_to_fpga_ocl_stddev,kernel_ocl,kernel_ocl_stddev,data_to_host_ocl,data_to_host_ocl_stddev
3d-rendering,7.681950633879751,7.681950633879751,0.0,38304,65536,1,0.066540955,0.0,0.000149284,0.0,0.001895224,0.0,5.3339e-05,0.0
digit-recognition,8.190241318196058,8.190241318196058,0.0,640000,2000,1,0.871318621,0.0,0.000714129,0.0,0.736018798,0.0,2.0263e-05,0.0
optical-flow,7.839095383882523,7.839095383882523,0.0,3571712,3571712,1,0.161148271,0.0,0.00275032,0.0,0.002736327,0.0,0.001694616,0.0
spam-filter,25.970533066196367,25.970533066196367,0.0,9220500,4096,1,0.141300411,0.0,0.007177995,0.0,0.025352296,0.0,1.7104e-05,0.0
