app_name,1,average,stddev,kernel_input_data_size,kernel_output_data_size,kernel_iterations,time_cpu,time_cpu_stddev,data_to_fpga_ocl,data_to_fpga_ocl_stddev,kernel_ocl,kernel_ocl_stddev,data_to_host_ocl,data_to_host_ocl_stddev
cl_burst_rw,9.292574502993375,9.292574502993375,0.0,524288,524288,1000,1.499935398,0.0,0.059275635,0.0,1.194051641,0.0,0.056637406,0.0
cl_helloworld,8.067160645034164,8.067160645034164,0.0,524288,262144,1000,0.715578537,0.0,0.070675239,0.0,0.525295615,0.0,0.034625507,0.0
cl_gmem_2banks,17.184631987998728,17.184631987998728,0.0,71663616,71663616,500,8.687249973,0.0,3.425426139,0.0,2.26473639,0.0,2.930890569,0.0
cl_wide_mem_rw_strm,14.779584684001748,14.779584684001748,0.0,33554432,16777216,1000,6.490891059,0.0,2.776358388,0.0,2.193842316,0.0,1.433636016,0.0
cl_wide_mem_rw_2x,15.174827537033707,15.174827537033707,0.0,33554432,16777216,1000,7.062992717,0.0,3.840554829,0.0,1.820692724,0.0,1.399778875,0.0
