app_name,1,average,stddev,kernel_input_data_size,kernel_output_data_size,kernel_iterations,time_cpu,time_cpu_stddev,data_to_fpga_ocl,data_to_fpga_ocl_stddev,kernel_ocl,kernel_ocl_stddev,data_to_host_ocl,data_to_host_ocl_stddev
3d-rendering,30.683050552848727,30.683050552848727,0.0,38304,65536,13687,22.575956403,0.0,0.265386579,0.0,21.701806771,0.0,0.271265475,0.0
digit-recognition,35.67165938182734,35.67165938182734,0.0,640000,2000,16,28.20754264,0.0,0.0,0.0,28.204439185,0.0,0.002371917,0.0
optical-flow,12.777085293084383,12.777085293084383,0.0,3571712,3571712,1460,4.030247893,0.0,1.040847482,0.0,1.97551912,0.0,0.972054564,0.0
spam-filter,36.362830612109974,36.362830612109974,0.0,9220500,4096,560,9.262143958,0.0,1.020560495,0.0,8.213799219,0.0,0.006583449,0.0
