app_name,1,2,3,4,5,6,7,8,9,10,average,stddev,kernel_input_data_size,kernel_output_data_size,kernel_iterations,time_cpu,time_cpu_stddev,data_to_fpga_ocl,data_to_fpga_ocl_stddev,kernel_ocl,kernel_ocl_stddev,data_to_host_ocl,data_to_host_ocl_stddev
3d-rendering,28.303777244873345,28.26062009599991,28.152775863884017,28.284815300954506,28.260497773066163,28.632694917963818,28.780649844091386,28.716728590196,28.23654974810779,28.204471457982436,28.383358083711936,0.22001586902892117,38304,65536,13687,20.823006788199997,0.023843567089426962,0.25013086819999997,0.008277862810104345,19.9366438744,0.004982343515143261,0.2936276372,0.02222462650096719
digit-recognition,35.928981160977855,35.32952753198333,35.26122494600713,35.22141883196309,35.24112646980211,35.277517705922946,35.872882158029824,35.33372979401611,35.37697977083735,35.301554256118834,35.41449426256586,0.24744895071827136,640000,2000,16,28.2074645717,0.00012395356966738173,0.0,0.0,28.2044047149,4.178768235468285e-05,0.0023371708,6.768001102541286e-05
optical-flow,11.710949169937521,11.690538744907826,12.222943032160401,12.102577318204567,11.810817505931482,11.786424806108698,11.790889927884564,11.774378801928833,11.77469954197295,11.594413910992444,11.825863276002929,0.18099808421310754,3571712,3571712,1460,3.8994526565000003,0.012127835179906172,1.0175201817000001,0.005631478944400923,1.8681355198000003,0.002148332434452153,0.9712201732999999,0.005103975611339542
spam-filter,35.886679905001074,35.450749343959615,35.44273292995058,35.36287426389754,35.26265588705428,35.87468843907118,35.66680309502408,35.25510095595382,35.89064295892604,35.15062486194074,35.5243552640779,0.2696823221946596,9220500,4096,560,9.2621676381,0.004151985180365836,1.0207135289999998,0.0038916516836291267,8.2132409111,0.0004310176866236291,0.0069715498,0.0002627731938522056
