app_name,1,average,stddev,kernel_input_data_size,kernel_output_data_size,kernel_iterations,time_cpu,time_cpu_stddev,data_to_fpga_ocl,data_to_fpga_ocl_stddev,kernel_ocl,kernel_ocl_stddev,data_to_host_ocl,data_to_host_ocl_stddev
cl_burst_rw,9.62781662598718,9.62781662598718,0.0,524288,524288,1000,1.858041618,0.0,0.058359291,0.0,1.553519778,0.0,0.056424927,0.0
cl_helloworld,8.603008394013159,8.603008394013159,0.0,524288,262144,1000,0.954592977,0.0,0.069787453,0.0,0.661955615,0.0,0.034219269,0.0
cl_gmem_2banks,17.39635041699512,17.39635041699512,0.0,71663616,71663616,500,9.019681162,0.0,3.452249688,0.0,2.46378652,0.0,2.933677416,0.0
cl_wide_mem_rw_strm,14.45553007000126,14.45553007000126,0.0,33554432,16777216,1000,6.719387777,0.0,2.782454216,0.0,2.31014241,0.0,1.432623224,0.0
cl_wide_mem_rw_2x,15.830021894013043,15.830021894013043,0.0,33554432,16777216,1000,7.219817275,0.0,3.927218645,0.0,1.889929065,0.0,1.400611117,0.0
