app_name,1,average,stddev,kernel_input_data_size,kernel_output_data_size,kernel_iterations,time_cpu,time_cpu_stddev,data_to_fpga_ocl,data_to_fpga_ocl_stddev,kernel_ocl,kernel_ocl_stddev,data_to_host_ocl,data_to_host_ocl_stddev
3d-rendering,28.09904318396002,28.09904318396002,0.0,38304,65536,13687,20.845936792,0.0,0.254158593,0.0,19.945449766,0.0,0.305752924,0.0
digit-recognition,35.32949859299697,35.32949859299697,0.0,640000,2000,16,28.207623221,0.0,0.0,0.0,28.204441782,0.0,0.002450074,0.0
optical-flow,12.202505593886599,12.202505593886599,0.0,3571712,3571712,1460,3.890818568,0.0,1.004318064,0.0,1.866914539,0.0,0.977250814,0.0
spam-filter,35.26821972010657,35.26821972010657,0.0,9220500,4096,560,9.273462327,0.0,1.031059764,0.0,8.213084475,0.0,0.007647439,0.0
