app_name,1,2,3,4,5,6,7,8,9,10,average,stddev,kernel_input_data_size,kernel_output_data_size,kernel_iterations,time_cpu,time_cpu_stddev,data_to_fpga_ocl,data_to_fpga_ocl_stddev,kernel_ocl,kernel_ocl_stddev,data_to_host_ocl,data_to_host_ocl_stddev
3d-rendering,33.32217326294631,33.21218423708342,33.18480144999921,32.66807032492943,32.65244961483404,32.68822208791971,32.756361548090354,32.844185977010056,33.244713556952775,33.32039418281056,32.989355624257584,0.2749882213156898,38304,65536,13687,25.3886901548,0.03196268825367073,0.2519674502,0.015185636527972989,24.502854531399997,0.008290821115775972,0.2906576912,0.023390848033416217
digit-recognition,19.33307071402669,18.829554142896086,18.849050638033077,18.813708899077028,18.83741606003605,19.00152912782505,18.94121361989528,19.369525904068723,19.413321127882227,18.897480071987957,19.028587030572815,0.2317523657184326,640000,2000,16,11.7770538262,8.095367158767247e-05,0.0,0.0,11.774216084600003,4.0961535757363e-05,0.0021843687,5.053584911074951e-05
optical-flow,13.378663323121145,13.28286342206411,13.262773483991623,13.2787791849114,13.306958389934152,13.930908875074238,13.41883568209596,13.314922765130177,13.266996753867716,13.802982600871474,13.4244684481062,0.228016121926995,3571712,3571712,1460,5.395962459,0.013872922220734862,1.0154687114,0.011551994945927728,3.3664109227000005,0.0012133465970827356,0.9714778260000001,0.0036877848579085254
spam-filter,40.6664754380472,41.19423033017665,41.11084280000068,41.20653208298609,40.67460710997693,40.77030258998275,40.862796308938414,40.862189152045175,40.702626736834645,41.410106679890305,40.946070922887884,0.25057906753291753,9220500,4096,560,14.726163805999999,0.004208486046467968,1.0220265377,0.004140567563519582,13.675834024899999,0.00044182784565763864,0.006942455700000001,0.00031112349523944863
