app_name,1,2,3,4,5,6,7,8,9,10,average,stddev,kernel_input_data_size,kernel_output_data_size,kernel_iterations,time_cpu,time_cpu_stddev,data_to_fpga_ocl,data_to_fpga_ocl_stddev,kernel_ocl,kernel_ocl_stddev,data_to_host_ocl,data_to_host_ocl_stddev
cl_burst_rw,5.579914151981939,5.485086740984116,5.34028855903307,5.4420076420065016,5.340745702967979,5.422016737982631,5.533945743984077,5.337902376020793,5.42934429703746,5.429287918028422,5.434053987002699,0.07800927448111533,524288,524288,1000,1.4297479864,0.053647582359399565,0.056770947300000006,0.0004485884723497952,1.1669503517,0.00051606700669889,0.0561666873,0.00042745862361690115
cl_helloworld,5.026902409968898,4.847573115024716,4.719169560994487,4.719763886008877,4.795264991989825,4.823745772009715,4.823280707001686,4.819634070969187,4.731183016032446,4.923623809008859,4.82301413390087,0.0910797390618583,524288,262144,1000,0.7394638792000001,0.0530180472619121,0.07567114959999999,0.000417605624846697,0.4804407027,0.0002405023234307012,0.034481436000000004,0.00038809629716061214
cl_gmem_2banks,14.420578391989693,14.396362918021623,14.216749805957079,14.30920200800756,14.324553929967806,14.297091671032831,14.336019726004452,14.225240309955552,14.204445107025094,14.333153563959058,14.306339743192074,0.06940172263889322,71663616,71663616,500,9.1637748624,0.04236393311008886,3.3383109724999995,0.005539293383718847,2.7324571528000003,0.00014731203650366075,2.9437896629000004,0.002971605748799807
cl_wide_mem_rw_strm,12.919225780002307,12.943674737995025,13.04259066702798,13.035819860000629,12.899181653978303,12.907807304989547,12.83653991704341,12.807325427944306,12.851495711016469,13.117417183006182,12.936107824300416,0.09503619097203174,33554432,16777216,1000,7.8211748742,0.05110836473085398,4.1980263182,0.001333497323138535,2.0249465431999996,0.00016208124528473592,1.4370853766,0.0031272580063265117
cl_wide_mem_rw_2x,12.615698390000034,12.520300675998442,12.611251552007161,12.551675695984159,12.498573130986188,12.419463087979238,12.386138515023049,12.547788212948944,12.515471713035367,12.426052445021924,12.50924134189845,0.07445501479129484,33554432,16777216,1000,6.6079888701,0.005301168146883258,3.9829792416999985,0.0024889404261446806,1.0449562745,0.0005059035849657266,1.5781074197,0.004408954440617112
