app_name,1,average,stddev,kernel_input_data_size,kernel_output_data_size,kernel_iterations,time_cpu,time_cpu_stddev,data_to_fpga_ocl,data_to_fpga_ocl_stddev,kernel_ocl,kernel_ocl_stddev,data_to_host_ocl,data_to_host_ocl_stddev
3d-rendering,32.46999496500939,32.46999496500939,0.0,38304,65536,13687,25.392690649,0.0,0.255519943,0.0,24.492021626,0.0,0.301904977,0.0
digit-recognition,18.802919146139175,18.802919146139175,0.0,640000,2000,16,11.777162445,0.0,0.0,0.0,11.774281731,0.0,0.002233403,0.0
optical-flow,13.18934030807577,13.18934030807577,0.0,3571712,3571712,1460,5.391838016,0.0,1.01621499,0.0,3.366842659,0.0,0.965839277,0.0
spam-filter,40.6706005660817,40.6706005660817,0.0,9220500,4096,560,14.724890442,0.0,1.021250787,0.0,13.675638497,0.0,0.006973723,0.0
