app_name,1,2,3,4,5,6,7,8,9,10,average,stddev,kernel_input_data_size,kernel_output_data_size,kernel_iterations,time_cpu,time_cpu_stddev,data_to_fpga_ocl,data_to_fpga_ocl_stddev,kernel_ocl,kernel_ocl_stddev,data_to_host_ocl,data_to_host_ocl_stddev
3d-rendering,32.986931897932664,33.60038667102344,33.19978602603078,33.016360186971724,33.13583695678972,33.54824214009568,33.63182795699686,33.528294952819124,33.06381200696342,33.024243431864306,33.27357222274877,0.25580899026362774,38304,65536,13687,25.515686692799996,0.029566663386499055,0.2506282045,0.012083816058046115,24.6373224592,0.010643943898338877,0.2840566176,0.017929022279366203
digit-recognition,19.71343232691288,19.80132834194228,19.24988279514946,19.3375299021136,19.225732611026615,19.741260787006468,19.26588526298292,19.173248443054035,19.21769223897718,19.749274817993864,19.44752675271593,0.2519154867746882,640000,2000,16,11.777294701299999,6.261245563369218e-05,0.0021471636,3.524801858008793e-05,11.7742353348,5.371201373347855e-05,0.00025118979999999997,2.117984842984272e-05
optical-flow,13.566476641921327,14.11879022209905,13.598790537798777,14.226926866918802,13.578943816013634,13.67877660994418,14.210555271944031,13.714777792105451,14.202744760084897,13.722856576088816,13.861963909491896,0.27350516512468165,3571712,3571712,1460,5.4897066231,0.00989878388736438,1.1086705276,0.00980766650131911,3.3664872055000004,0.0017773498244958172,0.9716951050000002,0.0037017636148989276
spam-filter,41.69041511695832,42.21073851198889,42.11024428810924,41.67882300913334,41.606437606038526,41.578679248923436,41.59450172283687,42.17885068897158,42.20226065814495,42.078453443944454,41.89294042950496,0.2677363886505785,9220500,4096,560,15.2059868393,0.003394743042162273,1.1114641512999999,0.003227261945744935,14.065684774900001,0.0004049319756656792,0.007168709099999999,0.00024227903983971765
