app_name,1,2,3,4,5,6,7,8,9,10,average,stddev,kernel_input_data_size,kernel_output_data_size,kernel_iterations,time_cpu,time_cpu_stddev,data_to_fpga_ocl,data_to_fpga_ocl_stddev,kernel_ocl,kernel_ocl_stddev,data_to_host_ocl,data_to_host_ocl_stddev
3d-rendering,29.988336600130424,30.052196618868038,29.996085973922163,29.980067450087517,30.50419197580777,30.023924581008032,29.984111351892352,30.160114617086947,30.72814276604913,30.224161263089627,30.1641333197942,0.2439235361349601,38304,65536,13687,22.581238144099995,0.02156009487527655,0.2511656912,0.01165539715896013,21.7095925643,0.013415215830565442,0.2789700429,0.015268808679324444
digit-recognition,35.55711312498897,35.525622447021306,35.561251362087205,35.58172037405893,35.57332292594947,35.55381348892115,36.10533148399554,35.7496102291625,35.665255835978314,35.761865434003994,35.66349067061674,0.16731496821073025,640000,2000,16,28.207491089799998,0.00013686939822312103,0.0,0.0,28.2043706242,4.6503459868626345e-05,0.0024020685,8.001129818309687e-05
optical-flow,12.331089838175103,12.242568224901333,12.111150504089892,12.24650666397065,12.663220676826313,12.334569107042626,12.875034751137719,12.350557255093008,12.435016577830538,12.222683254862204,12.381239685392938,0.21618150493707183,3571712,3571712,1460,4.0286256428,0.009603080672563059,1.0418422315999998,0.0077708450923565705,1.9729783828999998,0.0016529359203880196,0.9709710376,0.004569636564957708
spam-filter,35.65450465888716,35.56264818483032,35.66664348798804,35.66263900999911,35.56259309500456,36.08260762505233,35.64652486681007,35.89875362301245,35.76665106997825,35.67876939009875,35.718233501166104,0.15252678150343976,9220500,4096,560,9.287718303400002,0.0041055129658571585,1.0456623537,0.0038267785809446846,8.2135416313,0.000404799461608219,0.007067605100000001,0.0003027634036201463
