app_name,1,average,stddev,kernel_input_data_size,kernel_output_data_size,kernel_iterations,time_cpu,time_cpu_stddev,data_to_fpga_ocl,data_to_fpga_ocl_stddev,kernel_ocl,kernel_ocl_stddev,data_to_host_ocl,data_to_host_ocl_stddev
3d-rendering,7.500036970945075,7.500036970945075,0.0,38304,65536,1,0.162751088,0.0,4.9645e-05,0.0,0.001691777,0.0,5.2468e-05,0.0
digit-recognition,9.197892390890047,9.197892390890047,0.0,640000,2000,1,1.898590339,0.0,0.000429053,0.0,1.762922585,0.0,2.557e-05,0.0
optical-flow,8.870397242950276,8.870397242950276,0.0,3571712,3571712,1,0.156006906,0.0,0.001849591,0.0,0.001815483,0.0,0.001685064,0.0
spam-filter,26.390566052868962,26.390566052868962,0.0,9220500,4096,1,0.12599275,0.0,0.004652846,0.0,0.015630064,0.0,1.5794e-05,0.0
