app_name,1,average,stddev,kernel_input_data_size,kernel_output_data_size,kernel_iterations,time_cpu,time_cpu_stddev,data_to_fpga_ocl,data_to_fpga_ocl_stddev,kernel_ocl,kernel_ocl_stddev,data_to_host_ocl,data_to_host_ocl_stddev
cl_burst_rw,6.304911162995268,6.304911162995268,0.0,524288,524288,1000,1.833245719,0.0,0.057207615,0.0,1.529293686,0.0,0.056651375,0.0
cl_helloworld,5.434719436976593,5.434719436976593,0.0,524288,262144,1000,0.927690903,0.0,0.076092737,0.0,0.625150836,0.0,0.034395643,0.0
cl_gmem_2banks,14.90135757101234,14.90135757101234,0.0,71663616,71663616,500,9.286896613,0.0,3.326125941,0.0,2.732205605,0.0,3.059044002,0.0
cl_wide_mem_rw_strm,13.638781504007056,13.638781504007056,0.0,33554432,16777216,1000,8.133993886,0.0,4.198171317,0.0,2.309065653,0.0,1.434236424,0.0
cl_wide_mem_rw_2x,13.081563065992668,13.081563065992668,0.0,33554432,16777216,1000,6.746046719,0.0,3.983091617,0.0,1.185399301,0.0,1.575561096,0.0
