app_name,1,average,stddev,kernel_input_data_size,kernel_output_data_size,kernel_iterations,time_cpu,time_cpu_stddev,data_to_fpga_ocl,data_to_fpga_ocl_stddev,kernel_ocl,kernel_ocl_stddev,data_to_host_ocl,data_to_host_ocl_stddev
3d-rendering,33.13998286193237,33.13998286193237,0.0,38304,65536,13687,25.551707742,0.0,0.277383395,0.0,24.62876551,0.0,0.303076104,0.0
digit-recognition,19.697410270106047,19.697410270106047,0.0,640000,2000,16,11.777543969,0.0,0.0,0.0,11.774376225,0.0,0.002438587,0.0
optical-flow,13.598937049042434,13.598937049042434,0.0,3571712,3571712,1460,5.492397704,0.0,1.116269244,0.0,3.364984209,0.0,0.968411008,0.0
spam-filter,42.09479475510307,42.09479475510307,0.0,9220500,4096,560,15.202488534,0.0,1.107690543,0.0,14.065415221,0.0,0.007110435,0.0
