app_name,1,average,stddev,kernel_input_data_size,kernel_output_data_size,kernel_iterations,time_cpu,time_cpu_stddev,data_to_fpga_ocl,data_to_fpga_ocl_stddev,kernel_ocl,kernel_ocl_stddev,data_to_host_ocl,data_to_host_ocl_stddev
3d-rendering,7.488741101929918,7.488741101929918,0.0,38304,65536,1,0.158427123,0.0,5.4795e-05,0.0,0.001909568,0.0,5.2609e-05,0.0
digit-recognition,8.206180592998862,8.206180592998862,0.0,640000,2000,1,0.868077451,0.0,0.000450679,0.0,0.736035932,0.0,2.1525e-05,0.0
optical-flow,8.630758316023275,8.630758316023275,0.0,3571712,3571712,1,0.161168184,0.0,0.001791083,0.0,0.002794076,0.0,0.001691371,0.0
spam-filter,26.194509776076302,26.194509776076302,0.0,9220500,4096,1,0.136655697,0.0,0.004676417,0.0,0.026227075,0.0,1.6048e-05,0.0
