app_name,1,average,stddev,kernel_input_data_size,kernel_output_data_size,kernel_iterations,time_cpu,time_cpu_stddev,data_to_fpga_ocl,data_to_fpga_ocl_stddev,kernel_ocl,kernel_ocl_stddev,data_to_host_ocl,data_to_host_ocl_stddev
3d-rendering,35.775532600004226,35.775532600004226,0.0,38304,65536,13687,25.41618841,0.0,0.25492525,0.0,24.496163731,0.0,0.321688644,0.0
digit-recognition,22.005860761972144,22.005860761972144,0.0,640000,2000,16,11.776957988,0.0,0.0,0.0,11.774012974,0.0,0.002224742,0.0
optical-flow,16.506296002073213,16.506296002073213,0.0,3571712,3571712,1460,5.383270497,0.0,1.00200276,0.0,3.369225381,0.0,0.971239642,0.0
spam-filter,43.91464858991094,43.91464858991094,0.0,9220500,4096,560,14.7239933,0.0,1.019004452,0.0,13.67553812,0.0,0.007532742,0.0
