app_name,1,2,3,4,5,6,7,8,9,10,average,stddev,kernel_input_data_size,kernel_output_data_size,kernel_iterations,time_cpu,time_cpu_stddev,data_to_fpga_ocl,data_to_fpga_ocl_stddev,kernel_ocl,kernel_ocl_stddev,data_to_host_ocl,data_to_host_ocl_stddev
3d-rendering,31.52875677193515,31.48442468699068,31.42024459084496,31.420325593091547,31.46829379303381,31.36824942799285,31.516236724797636,31.408420325024053,31.30446334509179,31.176465339027345,31.409588059782983,0.10097450892366101,38304,65536,13687,20.824230065900004,0.024961856185939917,0.2411922735,0.01018016076988979,19.944161926400003,0.009875888493427128,0.29475677969999997,0.022493261925439614
digit-recognition,33.92515575303696,33.86570353992283,33.841380167985335,33.86175457807258,33.76109432103112,33.80987992603332,33.857367092045024,33.83369971299544,33.845324880909175,33.86984073999338,33.84712007120252,0.040340854332969245,640000,2000,16,23.5061874022,0.00010197137601848886,0.0,0.0,23.503143139,3.50391968731965e-05,0.0023348282,6.449577504646673e-05
optical-flow,15.114788369974121,15.090399969834834,14.966637956909835,14.966433909954503,15.118978263111785,14.982485379092395,14.97485170699656,14.974408628186211,15.082855521002784,15.06638438301161,15.033822408807463,0.06258637793606737,3571712,3571712,1460,3.8437949169999994,0.011525863245866488,1.0100850384000002,0.007014341981223924,1.8185670998000003,0.001106272373694023,0.9729946300000002,0.00386892019049812
spam-filter,38.49863667995669,38.638705004006624,38.52680056891404,38.55865357397124,38.51463497499935,38.49471655488014,38.54262113105506,38.658633450977504,38.63866993202828,38.65460010198876,38.57266719727777,0.06399062811095525,9220500,4096,560,9.2589095674,0.0047896969550171725,1.0176677857,0.004986576891247411,8.212799785,0.0007896172689225135,0.0069106779,0.00018756432101219763
