app_name,1,average,stddev,kernel_input_data_size,kernel_output_data_size,kernel_iterations,time_cpu,time_cpu_stddev,data_to_fpga_ocl,data_to_fpga_ocl_stddev,kernel_ocl,kernel_ocl_stddev,data_to_host_ocl,data_to_host_ocl_stddev
cl_burst_rw,4.892039651051164,4.892039651051164,0.0,524288,524288,1000,1.378499963,0.0,0.057781874,0.0,1.166353053,0.0,0.057160311,0.0
cl_helloworld,4.197349273017608,4.197349273017608,0.0,524288,262144,1000,0.690088996,0.0,0.075958661,0.0,0.480656052,0.0,0.034788694,0.0
cl_gmem_2banks,13.77211023599375,13.77211023599375,0.0,71663616,71663616,500,9.170646633,0.0,3.288718539,0.0,2.732349613,0.0,3.072246248,0.0
cl_wide_mem_rw_strm,12.319525341968983,12.319525341968983,0.0,33554432,16777216,1000,7.753773623,0.0,4.1992612,0.0,2.024256362,0.0,1.432625879,0.0
cl_wide_mem_rw_2x,12.090867379971314,12.090867379971314,0.0,33554432,16777216,1000,6.70880823,0.0,4.000036968,0.0,1.045553505,0.0,1.661231756,0.0
