app_name,1,2,3,4,5,6,7,8,9,10,average,stddev,kernel_input_data_size,kernel_output_data_size,kernel_iterations,time_cpu,time_cpu_stddev,data_to_fpga_ocl,data_to_fpga_ocl_stddev,kernel_ocl,kernel_ocl_stddev,data_to_host_ocl,data_to_host_ocl_stddev
3d-rendering,35.64140646508895,35.683760659070686,35.80848751589656,35.93994240206666,36.03218876221217,36.02003287291154,35.77216240204871,35.983837250154465,36.03220323496498,35.9160770769231,35.88300986413378,0.1391770150064481,38304,65536,13687,25.3877150457,0.027947306050586145,0.2512262678,0.010267336833131264,24.491958302,0.010673986384508057,0.30086723979999996,0.024169977598976045
digit-recognition,22.19376383512281,22.157671545166522,22.133529621874914,22.109697945881635,22.125459443079308,22.14945283299312,21.96147500886582,22.14953578612767,22.01761380606331,22.22552836081013,22.122372818598524,0.07457352546569233,640000,2000,16,11.7767845395,0.00013508769066659715,0.0019687997,5.498074607644231e-05,11.7738835752,4.601566090364536e-05,0.0002616815,3.516625431432811e-05
optical-flow,16.510568848112598,16.530926981009543,16.422936069779098,16.506876655854285,16.51894873008132,16.443222677102312,16.406884545227513,16.498961091972888,16.523110712179914,16.502898277016357,16.486533458833584,0.042470731302132386,3571712,3571712,1460,5.3974084406,0.012445229523907171,1.0132325023,0.007597847507601932,3.367917846,0.002745777072403753,0.9723912346000001,0.003550364684003521
spam-filter,43.87825578288175,43.89023714303039,43.886247421847656,44.00247497600503,43.97849653009325,43.85827277996577,44.02244487591088,44.230314780026674,43.898166007129475,43.99827653798275,43.96431868348736,0.10561939079969009,9220500,4096,560,14.721076716499999,0.003339630067407873,1.0169520567999997,0.0035327814128523977,13.675512397199999,0.0002033801520835106,0.006984762000000001,0.0001765128250216146
