app_name,1,average,stddev,kernel_input_data_size,kernel_output_data_size,kernel_iterations,time_cpu,time_cpu_stddev,data_to_fpga_ocl,data_to_fpga_ocl_stddev,kernel_ocl,kernel_ocl_stddev,data_to_host_ocl,data_to_host_ocl_stddev
3d-rendering,31.362971779191867,31.362971779191867,0.0,38304,65536,13687,20.772221955,0.0,0.228311773,0.0,19.927734874,0.0,0.278108164,0.0
digit-recognition,33.90967798884958,33.90967798884958,0.0,640000,2000,16,23.506169958,0.0,0.0,0.0,23.503197127,0.0,0.002293199,0.0
optical-flow,15.074339838931337,15.074339838931337,0.0,3571712,3571712,1460,3.842112479,0.0,1.013479262,0.0,1.819746424,0.0,0.964757098,0.0
spam-filter,38.534698374103755,38.534698374103755,0.0,9220500,4096,560,9.254340529,0.0,1.013504002,0.0,8.212486426,0.0,0.007119493,0.0
