app_name,1,average,stddev,kernel_input_data_size,kernel_output_data_size,kernel_iterations,time_cpu,time_cpu_stddev,data_to_fpga_ocl,data_to_fpga_ocl_stddev,kernel_ocl,kernel_ocl_stddev,data_to_host_ocl,data_to_host_ocl_stddev
3d-rendering,10.526922486023977,10.526922486023977,0.0,38304,65536,1,0.177396144,0.0,0.000160129,0.0,0.001894532,0.0,5.2402e-05,0.0
digit-recognition,10.994194287108257,10.994194287108257,0.0,640000,2000,1,0.882900227,0.0,0.000721133,0.0,0.736009694,0.0,2.1882e-05,0.0
optical-flow,11.155216271989048,11.155216271989048,0.0,3571712,3571712,1,0.170726819,0.0,0.002908334,0.0,0.002745386,0.0,0.001733909,0.0
spam-filter,29.114221496041864,29.114221496041864,0.0,9220500,4096,1,0.153636807,0.0,0.007374722,0.0,0.025367553,0.0,1.4405e-05,0.0
