app_name,1,2,3,4,5,6,7,8,9,10,average,stddev,kernel_input_data_size,kernel_output_data_size,kernel_iterations,time_cpu,time_cpu_stddev,data_to_fpga_ocl,data_to_fpga_ocl_stddev,kernel_ocl,kernel_ocl_stddev,data_to_host_ocl,data_to_host_ocl_stddev
cl_burst_rw,5.181925071985461,5.5070271179429255,5.511275030032266,5.518910826998763,5.4213744849548675,5.381692888040561,5.309260158974212,5.406061251007486,5.3139209049986675,5.303000285988674,5.385444802092389,0.10454467418845362,524288,524288,1000,1.7942330079000002,0.05441086343876015,0.058325037600000004,0.0021765093436990736,1.5298373412,0.0007904380220314976,0.05688014500000001,0.00031742216363175695
cl_helloworld,4.288342271000147,4.499581023992505,4.498839557985775,4.604023506981321,4.386780482949689,4.604249309981242,4.3960173050290905,4.39686461497331,4.397105711046606,4.3954024010454305,4.446720618498512,0.09690111457655831,524288,262144,1000,0.8847259990999999,0.053799712568081276,0.07591921189999999,0.0002837625055188269,0.6255294849000002,0.00032226649016181135,0.034457744,0.0004600289637869427
cl_gmem_2banks,13.460313048039097,13.790889610012528,13.835592458955944,13.827011412009597,13.708744488016237,13.75686304597184,13.676686645951122,13.607008259976283,13.58765952597605,13.702148104959633,13.695291659986832,0.11186247356217557,71663616,71663616,500,9.0639717523,0.05056073060218889,3.2478861722,0.054451547749539156,2.7324908526,0.00043024419276170355,2.9349962624,0.003727801819559786
cl_wide_mem_rw_strm,12.672649193031248,12.869791390025057,13.053979872027412,12.939771592034958,12.736361946968827,12.809288379969075,12.570399712014478,12.75560581102036,12.647423802991398,12.949423639976885,12.80046953400597,0.1447614821015019,33554432,16777216,1000,8.128214084400001,0.06363140374733431,4.2087141827,0.0314929270263376,2.3099626103,0.0007030581533268502,1.4364170096,0.003644066919287822
cl_wide_mem_rw_2x,12.220457350020297,12.311258778034244,12.294956711004488,12.31000307603972,12.13361579697812,12.303318888007198,12.011326051026117,12.096674941945821,12.007265283027664,12.316012899042107,12.200488977512578,0.120778030749053,33554432,16777216,1000,6.792750991999999,0.04323706305731175,3.9778587620000003,0.042573923494217736,1.1885305299,0.001148137669558129,1.6242708702999997,0.0077416057075184634
