app_name,1,average,stddev,kernel_input_data_size,kernel_output_data_size,kernel_iterations,time_cpu,time_cpu_stddev,data_to_fpga_ocl,data_to_fpga_ocl_stddev,kernel_ocl,kernel_ocl_stddev,data_to_host_ocl,data_to_host_ocl_stddev
3d-rendering,10.577433494152501,10.577433494152501,0.0,38304,65536,1,0.172079028,0.0,0.000150944,0.0,0.001561869,0.0,5.6271e-05,0.0
digit-recognition,11.629922377876937,11.629922377876937,0.0,640000,2000,1,1.612755212,0.0,0.000725083,0.0,1.469082505,0.0,2.551e-05,0.0
optical-flow,11.14304395695217,11.14304395695217,0.0,3571712,3571712,1,0.169467881,0.0,0.002863855,0.0,0.001685733,0.0,0.001680844,0.0
spam-filter,29.182316362159327,29.182316362159327,0.0,9220500,4096,1,0.143014287,0.0,0.007382912,0.0,0.015618588,0.0,1.5558e-05,0.0
